{"width": 38, "height": 159, "box": {"min": [-5.2419, -7.05623, -7.397334421407971], "max": [19.628151848390328, 29.06626136194861, 9.94585537052639]}, "fps": 30.0}