{"width": 38, "height": 196, "box": {"min": [-28.68208932978507, -7.05623, -9.320110773014298], "max": [31.26002584102562, 25.044738602428747, 8.341817476774697]}, "fps": 30.0}