{"width": 38, "height": 150, "box": {"min": [-14.477521708834704, -7.05623, -8.059199004728242], "max": [8.888750239542814, 24.566168793779724, 6.552588040644724]}, "fps": 30.0}