{"width": 38, "height": 360, "box": {"min": [-29.67186825491522, -7.05623, -6.448927787976195], "max": [34.13559524138772, 25.019936087481913, 8.746856259979928]}, "fps": 30.0}