{"width": 38, "height": 177, "box": {"min": [-16.053281381074402, -7.05623, -3.1776980647585247], "max": [6.060648729837225, 24.7339821697617, 11.582601064344525]}, "fps": 30.0}