{"width": 38, "height": 147, "box": {"min": [-17.253646752204034, -7.05623, -11.861587752981064], "max": [22.348901037027108, 24.93894367141183, 5.958073383474371]}, "fps": 30.0}