{"width": 38, "height": 228, "box": {"min": [-20.33657913467494, -7.05623, -6.045833060094158], "max": [33.76210694481482, 25.529028189961643, 9.394991508897798]}, "fps": 30.0}