{"width": 38, "height": 175, "box": {"min": [-5.2419, -7.05623, -7.922654505686288], "max": [17.281307773061418, 28.37115576458709, 8.510785648374922]}, "fps": 30.0}