{"width": 38, "height": 152, "box": {"min": [-5.610449518404701, -7.05623, -4.903987713009069], "max": [21.95977605676521, 27.40851100345084, 7.621289403939885]}, "fps": 30.0}