{"width": 38, "height": 268, "box": {"min": [-20.016677777576472, -7.05623, -5.513458411513061], "max": [25.09896488361616, 24.267945088435717, 6.552009673280208]}, "fps": 30.0}