{"width": 38, "height": 211, "box": {"min": [-18.501825815494694, -7.05623, -5.735046223685501], "max": [28.363555458381963, 24.6435900234548, 8.790548978411639]}, "fps": 30.0}