{"width": 38, "height": 173, "box": {"min": [-7.802631599033963, -7.05623, -21.26715438532954], "max": [12.81658773835013, 24.931923230647353, 3.795290378641633]}, "fps": 30.0}