{"width": 38, "height": 164, "box": {"min": [-17.02971705223106, -7.05623, -5.786340946268838], "max": [23.76021411062474, 29.27327489633119, 8.102993376699315]}, "fps": 30.0}