{"width": 38, "height": 167, "box": {"min": [-7.661691942897925, -7.05623, -21.820170302649665], "max": [12.433791843636474, 24.931056422087465, 3.8876103383323493]}, "fps": 30.0}