{"width": 38, "height": 207, "box": {"min": [-17.197623683146183, -7.05623, -5.102733105559178], "max": [34.590429449505635, 22.85192511419432, 8.314630827883008]}, "fps": 30.0}