{"width": 38, "height": 188, "box": {"min": [-15.78806635362534, -7.05623, -4.001120182011954], "max": [32.86963761149784, 23.37314791090619, 8.711803271480912]}, "fps": 30.0}