{"width": 38, "height": 156, "box": {"min": [-19.138923943512154, -7.05623, -6.57375151523678], "max": [11.373740122370174, 22.75674679280657, 8.161614062006782]}, "fps": 30.0}