{"width": 38, "height": 189, "box": {"min": [-17.200884256809722, -7.05623, -6.591028284269446], "max": [26.658954527097258, 23.842236043297383, 7.337837354719339]}, "fps": 30.0}