{"width": 38, "height": 206, "box": {"min": [-18.65881210573515, -7.05623, -6.84293144307715], "max": [26.89275842802915, 22.940795922282668, 6.423959722775398]}, "fps": 30.0}