{"width": 38, "height": 367, "box": {"min": [-22.110369554440947, -7.05623, -5.048069242362897], "max": [33.259727747398344, 22.99695736276923, 9.372459223270925]}, "fps": 30.0}