{"width": 38, "height": 177, "box": {"min": [-10.716595076731025, -7.05623, -15.540662480869837], "max": [14.250995930095522, 22.68978263715833, 6.260620207854824]}, "fps": 30.0}