{"width": 38, "height": 163, "box": {"min": [-10.09800280653394, -7.05623, -3.170180666574253], "max": [32.503340253510885, 24.9612382789562, 7.7197165447354035]}, "fps": 30.0}