{"width": 38, "height": 149, "box": {"min": [-5.82347203897997, -7.05623, -6.256475047311657], "max": [17.13901531835147, 30.918898691963665, 8.903108980342168]}, "fps": 30.0}