{"width": 38, "height": 253, "box": {"min": [-29.418311833547822, -7.05623, -6.820458343309265], "max": [34.32578512571577, 25.01208797817292, 8.827963459322852]}, "fps": 30.0}