{"width": 38, "height": 145, "box": {"min": [-17.866876722957016, -7.05623, -8.080006968853983], "max": [16.45424252230255, 24.891222860474027, 5.631695926260884]}, "fps": 30.0}