{"width": 38, "height": 178, "box": {"min": [-27.685479097147216, -7.05623, -8.518224003429472], "max": [34.311652146551964, 24.735680121628754, 10.39056624288278]}, "fps": 30.0}