{"width": 38, "height": 249, "box": {"min": [-28.567094163310163, -7.05623, -5.556870695873036], "max": [20.983514210572814, 25.127954081075515, 6.19003170805158]}, "fps": 30.0}