{"width": 38, "height": 229, "box": {"min": [-27.337661902059086, -7.05623, -7.283288724060291], "max": [34.48472073830341, 25.577728207113132, 9.850270697176182]}, "fps": 30.0}