{"width": 38, "height": 258, "box": {"min": [-25.444276660074074, -7.05623, -7.9484329236834315], "max": [32.88575771261424, 24.52928487347046, 13.056423208228862]}, "fps": 30.0}