{"width": 38, "height": 191, "box": {"min": [-16.97122687671045, -7.05623, -10.664362357587475], "max": [36.210101562965434, 25.626585641621347, 8.797383675737374]}, "fps": 30.0}