{"width": 38, "height": 144, "box": {"min": [-7.068194107316112, -7.05623, -23.055352817297845], "max": [14.75350052663398, 24.709685842036738, 3.594733900645911]}, "fps": 30.0}