{"width": 38, "height": 271, "box": {"min": [-11.926094055175781, -7.05623, -0.40465], "max": [27.86092185974121, 17.53260612487793, 4.832034111022949]}, "fps": 120}