{"width": 38, "height": 275, "box": {"min": [-19.252915674708824, -0.29012337926360354, -5.99519396804357], "max": [34.639230544218265, 24.940622748927538, 11.783512666500961]}, "fps": 120}