{"width": 38, "height": 275, "box": {"min": [-12.263644218444824, -7.05623, -0.40465], "max": [26.832386016845703, 17.606294631958008, 4.347239971160889]}, "fps": 120}