{"width": 38, "height": 75, "box": {"min": [-27.81529998779297, -6.64458, -0.477], "max": [34.09239959716797, 16.809900283813477, 2.9467999935150146]}, "fps": 120}