{"width": 38, "height": 196, "box": {"min": [-19.71394157409668, -7.05623, -2.7187678813934326], "max": [22.801334381103516, 17.57563018798828, 2.36315]}, "fps": 120}