{"width": 38, "height": 69, "box": {"min": [-5.2419, -7.05623, -6.727657794952393], "max": [15.725961685180664, 17.767555236816406, 2.36315]}, "fps": 120}