{"width": 38, "height": 129, "box": {"min": [-11.190682411193848, -7.05623, -5.702325820922852], "max": [12.33370304107666, 17.64345359802246, 2.36315]}, "fps": 120}