{"width": 38, "height": 220, "box": {"min": [-18.61448860168457, -7.05623, -0.936253011226654], "max": [25.514347076416016, 17.612201690673828, 2.7402279376983643]}, "fps": 120}