{"width": 38, "height": 137, "box": {"min": [-5.2419, -7.05623, -0.40465], "max": [15.892428398132324, 21.507587432861328, 2.36315]}, "fps": 120}