{"width": 38, "height": 128, "box": {"min": [-9.243815422058105, -7.05623, -2.1241989135742188], "max": [7.598468780517578, 17.509103775024414, 7.04936408996582]}, "fps": 120}