{"width": 38, "height": 226, "box": {"min": [-20.89629554748535, -7.05623, -1.3345589637756348], "max": [24.438806533813477, 17.560588836669922, 2.5835459232330322]}, "fps": 120}