{"width": 38, "height": 116, "box": {"min": [-8.222088813781738, -7.05623, -3.2702460289001465], "max": [4.983, 17.399250030517578, 10.212972640991211]}, "fps": 120}