{"width": 38, "height": 68, "box": {"min": [-5.2419, -7.05623, -0.40465], "max": [14.63239574432373, 17.291845321655273, 2.36315]}, "fps": 120}