{"width": 38, "height": 140, "box": {"min": [-19.591941833496094, -7.05623, -0.567225992679596], "max": [19.2474422454834, 18.011478424072266, 2.36315]}, "fps": 120}