{"width": 38, "height": 67, "box": {"min": [-5.2419, -7.05623, -8.072456359863281], "max": [17.31856918334961, 17.19971466064453, 2.36315]}, "fps": 120}