{"width": 38, "height": 152, "box": {"min": [-5.2419, -7.05623, -2.0809450149536133], "max": [4.983, 17.268625259399414, 2.36315]}, "fps": 120}