{"width": 38, "height": 123, "box": {"min": [-19.780101776123047, -7.05623, -0.40465], "max": [14.903564453125, 17.55674171447754, 2.36315]}, "fps": 120}