{"width": 38, "height": 144, "box": {"min": [-5.2419, -7.05623, -0.40465], "max": [16.27832794189453, 21.823671340942383, 2.36315]}, "fps": 120}