{"width": 38, "height": 121, "box": {"min": [-21.012935638427734, -7.05623, -1.7572909593582153], "max": [4.983, 17.596525192260742, 2.36315]}, "fps": 120}