{"width": 38, "height": 72, "box": {"min": [-5.2419, -7.05623, -10.11913776397705], "max": [16.090923309326172, 17.777341842651367, 2.36315]}, "fps": 120}