{"width": 38, "height": 156, "box": {"min": [-11.689440727233887, -7.05623, -2.566035032272339], "max": [11.176115989685059, 17.606477737426758, 6.106839179992676]}, "fps": 120}