{"width": 38, "height": 141, "box": {"min": [-10.463255882263184, -7.05623, -6.145754814147949], "max": [12.779586791992188, 17.61568260192871, 2.36315]}, "fps": 120}