{"width": 38, "height": 63, "box": {"min": [-5.2419, -7.05623, -0.40465], "max": [9.693001747131348, 17.979610443115234, 2.36315]}, "fps": 120}