{"width": 38, "height": 183, "box": {"min": [-21.006744384765625, -7.05623, -0.40465], "max": [24.93085289001465, 17.6118106842041, 4.293675899505615]}, "fps": 120}