{"width": 38, "height": 204, "box": {"min": [-18.479232788085938, -7.05623, -0.40465], "max": [25.337961196899414, 17.538715362548828, 4.466373920440674]}, "fps": 120}