{"width": 38, "height": 80, "box": {"min": [-5.2419, -7.05623, -0.40465], "max": [4.983, 17.432905197143555, 2.36315]}, "fps": 120}