{"width": 38, "height": 140, "box": {"min": [-10.856414794921875, -7.05623, -10.540613174438477], "max": [4.983, 17.439451217651367, 2.36315]}, "fps": 120}