{"width": 38, "height": 121, "box": {"min": [-19.509986877441406, -7.05623, -3.394547939300537], "max": [5.8680901527404785, 17.68761444091797, 2.36315]}, "fps": 120}