{"width": 38, "height": 143, "box": {"min": [-5.2419, -7.05623, -0.40465], "max": [4.983, 17.23213768005371, 3.257565975189209]}, "fps": 120}