{"width": 38, "height": 150, "box": {"min": [-5.2419, -7.05623, -2.161508083343506], "max": [4.983, 17.225170135498047, 2.36315]}, "fps": 120}