{"width": 38, "height": 66, "box": {"min": [-5.2419, -7.05623, -0.40465], "max": [15.109025001525879, 17.705080032348633, 10.134492874145508]}, "fps": 120}