{"width": 38, "height": 151, "box": {"min": [-5.2419, -7.05623, -0.40465], "max": [17.193828582763672, 21.921199798583984, 2.663011074066162]}, "fps": 120}