{"width": 38, "height": 201, "box": {"min": [-17.49869155883789, -7.05623, -0.40465], "max": [26.609163284301758, 17.637420654296875, 4.868800163269043]}, "fps": 120}