{"width": 38, "height": 177, "box": {"min": [-5.2419, -7.05623, -0.40465], "max": [4.983, 17.38675880432129, 3.4487760066986084]}, "fps": 120}