{"width": 38, "height": 151, "box": {"min": [-5.2419, -7.05623, -0.40465], "max": [19.021211624145508, 22.27729606628418, 2.3821189403533936]}, "fps": 120}