{"width": 38, "height": 125, "box": {"min": [-7.078476905822754, -7.05623, -2.4676010608673096], "max": [4.983, 17.37518882751465, 11.510462760925293]}, "fps": 120}