{"width": 38, "height": 19, "box": {"min": [-5.2419, -7.05623, -1.3578649759292603], "max": [4.983, 16.984594345092773, 2.36315]}, "fps": 120}