{"width": 38, "height": 120, "box": {"min": [-8.398542404174805, -7.05623, -13.549909591674805], "max": [7.18452787399292, 17.44965362548828, 2.36315]}, "fps": 120}