{"width": 38, "height": 179, "box": {"min": [-20.281957626342773, -7.05623, -2.6419260501861572], "max": [26.913009643554688, 17.876544952392578, 2.36315]}, "fps": 120}