{"width": 38, "height": 132, "box": {"min": [-5.2419, -7.05623, -2.238924026489258], "max": [4.983, 17.248096466064453, 2.36315]}, "fps": 120}