{"width": 38, "height": 113, "box": {"min": [-20.510961532592773, -7.05623, -3.7484419345855713], "max": [4.983, 17.448795318603516, 2.36315]}, "fps": 120}