{"width": 38, "height": 119, "box": {"min": [-11.593384742736816, -7.05623, -0.40465], "max": [24.5089111328125, 17.533098220825195, 2.36315]}, "fps": 120}