{"width": 38, "height": 155, "box": {"min": [-11.908661842346191, -7.05623, -1.9334739446640015], "max": [10.674610137939453, 17.544677734375, 5.823204040527344]}, "fps": 120}