{"width": 38, "height": 176, "box": {"min": [-21.426586151123047, -7.05623, -0.40465], "max": [23.90260887145996, 17.684526443481445, 4.742647171020508]}, "fps": 120}