{"width": 38, "height": 122, "box": {"min": [-21.003820419311523, -7.05623, -3.4861838817596436], "max": [4.983, 17.524431228637695, 2.36315]}, "fps": 120}