{"width": 38, "height": 163, "box": {"min": [-5.2419, -7.05623, -3.0924429893493652], "max": [5.5722880363464355, 17.547897338867188, 10.918394088745117]}, "fps": 120}