{"width": 38, "height": 162, "box": {"min": [-11.412334442138672, -7.05623, -3.2781500816345215], "max": [4.983, 17.48236656188965, 8.280774116516113]}, "fps": 120}