{"width": 38, "height": 104, "box": {"min": [-20.411996841430664, -7.05623, -2.350119113922119], "max": [4.983, 17.449718475341797, 2.36315]}, "fps": 120}