{"width": 38, "height": 181, "box": {"min": [-10.973673820495605, -7.05623, -3.22255802154541], "max": [4.983, 17.532577514648438, 7.632938861846924]}, "fps": 120}