{"width": 38, "height": 167, "box": {"min": [-5.2419, -7.05623, -0.40465], "max": [4.983, 17.318891525268555, 3.0391290187835693]}, "fps": 120}