{"width": 38, "height": 141, "box": {"min": [-11.992297172546387, -7.05623, -7.754260063171387], "max": [5.711348056793213, 17.548946380615234, 2.36315]}, "fps": 120}