{"width": 38, "height": 201, "box": {"min": [-21.378599166870117, -7.05623, -1.5589799880981445], "max": [18.7616024017334, 17.673246383666992, 2.36315]}, "fps": 120}