{"width": 38, "height": 159, "box": {"min": [-5.2419, -7.05623, -0.40465], "max": [16.35736083984375, 22.189556121826172, 2.36315]}, "fps": 120}