{"width": 38, "height": 212, "box": {"min": [-19.45476722717285, -7.05623, -1.167083978652954], "max": [25.5439453125, 17.67584228515625, 3.4954349994659424]}, "fps": 120}