{"width": 38, "height": 16612, "box": {"min": [-24.089548110961914, -7.05623, -86.26049041748047], "max": [28.3106689453125, 22.56108856201172, 78.43077087402344]}, "fps": 120}