{"width": 38, "height": 147, "box": {"min": [-9.735493659973145, -7.05623, -6.067410945892334], "max": [14.050128936767578, 17.729408264160156, 2.36315]}, "fps": 120}