{"width": 38, "height": 133, "box": {"min": [-20.995723724365234, -7.05623, -0.9993289709091187], "max": [14.451020240783691, 18.11751365661621, 2.36315]}, "fps": 120}