{"width": 38, "height": 144, "box": {"min": [-9.154315948486328, -7.05623, -10.736519813537598], "max": [7.040417194366455, 17.517833709716797, 2.36315]}, "fps": 120}