{"width": 38, "height": 177, "box": {"min": [-19.537479400634766, -7.05623, -2.5140860080718994], "max": [26.1147403717041, 17.69287109375, 2.36315]}, "fps": 120}