{"width": 38, "height": 135, "box": {"min": [-5.2419, -7.05623, -0.40465], "max": [4.983, 17.45332145690918, 2.6286098957061768]}, "fps": 120}