{"width": 38, "height": 149, "box": {"min": [-5.2419, -7.05623, -2.054689884185791], "max": [4.983, 17.299226760864258, 2.36315]}, "fps": 120}