{"width": 38, "height": 114, "box": {"min": [-11.095577239990234, -7.05623, -8.411284446716309], "max": [5.260906219482422, 17.39595603942871, 2.36315]}, "fps": 120}