{"width": 38, "height": 207, "box": {"min": [-21.20004653930664, -7.05623, -0.40465], "max": [25.313472747802734, 17.633056640625, 4.154558181762695]}, "fps": 120}