{"width": 38, "height": 151, "box": {"min": [-5.744194030761719, -7.05623, -0.40465], "max": [15.79663372039795, 21.60003089904785, 2.36315]}, "fps": 120}