{"width": 38, "height": 18973, "box": {"min": [-23.350954055786133, -7.05623, -81.05459594726562], "max": [28.581958770751953, 22.454912185668945, 79.4408950805664]}, "fps": 120}