{"width": 38, "height": 83, "box": {"min": [-5.2419, -7.05623, -0.40465], "max": [4.983, 17.472187042236328, 2.36315]}, "fps": 120}