{"width": 38, "height": 231, "box": {"min": [-19.667646408081055, -7.05623, -0.40465], "max": [18.911060333251953, 17.970998764038086, 3.1718719005584717]}, "fps": 120}