{"width": 38, "height": 71, "box": {"min": [-5.2419, -7.05623, -0.40465], "max": [5.158740997314453, 17.3749942779541, 2.36315]}, "fps": 120}