{"width": 38, "height": 103, "box": {"min": [-9.748153686523438, -7.05623, -4.277872085571289], "max": [9.737142562866211, 17.770267486572266, 2.36315]}, "fps": 120}