{"width": 38, "height": 120, "box": {"min": [-12.08021068572998, -7.05623, -2.962692975997925], "max": [6.757239818572998, 17.761659622192383, 2.36315]}, "fps": 120}