{"width": 38, "height": 101, "box": {"min": [-5.2419, -7.05623, -0.40465], "max": [5.314748764038086, 17.429241180419922, 2.36315]}, "fps": 120}