{"width": 38, "height": 85, "box": {"min": [-5.2419, -7.05623, -0.40465], "max": [4.999223232269287, 17.438026428222656, 2.36315]}, "fps": 120}