{"width": 38, "height": 122, "box": {"min": [-5.2419, -7.05623, -1.7864079475402832], "max": [4.983, 17.717851638793945, 10.765016555786133]}, "fps": 120}