{"width": 38, "height": 211, "box": {"min": [-19.98009490966797, -7.05623, -1.0682729482650757], "max": [25.800722122192383, 18.324180603027344, 4.482467174530029]}, "fps": 120}