{"width": 38, "height": 104, "box": {"min": [-5.2419, -7.05623, -1.283066987991333], "max": [14.764630317687988, 17.668481826782227, 7.042373180389404]}, "fps": 120}