{"width": 38, "height": 228, "box": {"min": [-15.586909294128418, -7.05623, -0.40465], "max": [25.888980865478516, 17.975976943969727, 3.094712018966675]}, "fps": 120}