{"width": 38, "height": 181, "box": {"min": [-5.2419, -7.05623, -0.40465], "max": [13.879669189453125, 20.588817596435547, 2.5501620769500732]}, "fps": 120}