{"width": 38, "height": 167, "box": {"min": [-15.01328182220459, -7.05623, -0.40465], "max": [27.03697395324707, 18.201446533203125, 2.5099029541015625]}, "fps": 120}