{"width": 38, "height": 84, "box": {"min": [-5.2419, -7.05623, -0.7880920171737671], "max": [5.1742401123046875, 17.50994110107422, 2.36315]}, "fps": 120}