{"width": 38, "height": 71, "box": {"min": [-9.157054901123047, -7.05623, -4.207387924194336], "max": [8.547344207763672, 18.011220932006836, 2.36315]}, "fps": 120}