{"width": 38, "height": 79, "box": {"min": [-5.2419, -7.05623, -0.40465], "max": [5.509553909301758, 17.45936393737793, 2.36315]}, "fps": 120}