{"width": 38, "height": 77, "box": {"min": [-5.2419, -7.05623, -0.40465], "max": [5.288559913635254, 17.37105941772461, 2.36315]}, "fps": 120}