{"width": 38, "height": 104, "box": {"min": [-5.2419, -7.05623, -12.453968048095703], "max": [6.690680980682373, 17.52701187133789, 2.36315]}, "fps": 120}