{"width": 38, "height": 75, "box": {"min": [-5.2419, -7.05623, -0.40465], "max": [5.1312971115112305, 17.372047424316406, 2.36315]}, "fps": 120}