{"width": 38, "height": 83, "box": {"min": [-5.2419, -7.05623, -1.5602279901504517], "max": [4.983, 17.4540958404541, 2.36315]}, "fps": 120}