{"width": 38, "height": 173, "box": {"min": [-7.457112789154053, -7.05623, -0.4284310042858124], "max": [13.098973274230957, 21.634737014770508, 2.36315]}, "fps": 120}