{"width": 38, "height": 132, "box": {"min": [-20.07666778564453, -7.05623, -0.40465], "max": [16.815832138061523, 18.104690551757812, 3.0931029319763184]}, "fps": 120}