{"width": 38, "height": 104, "box": {"min": [-10.972040176391602, -7.05623, -4.155487060546875], "max": [8.160569190979004, 17.761856079101562, 2.36315]}, "fps": 120}