{"width": 38, "height": 99, "box": {"min": [-5.2419, -7.05623, -0.40465], "max": [5.264023780822754, 17.426557540893555, 2.36315]}, "fps": 120}