{"width": 38, "height": 104, "box": {"min": [-5.2419, -7.05623, -0.40465], "max": [5.2608160972595215, 17.444231033325195, 2.36315]}, "fps": 120}