{"width": 38, "height": 86, "box": {"min": [-5.2419, -7.05623, -0.40465], "max": [5.506411075592041, 17.44502067565918, 2.36315]}, "fps": 120}