{"width": 38, "height": 115, "box": {"min": [-12.151259422302246, -7.05623, -1.1117630004882812], "max": [18.180179595947266, 18.0528507232666, 2.36315]}, "fps": 120}