{"width": 38, "height": 125, "box": {"min": [-5.2419, -7.05623, -9.328495025634766], "max": [8.546940803527832, 17.626537322998047, 2.36315]}, "fps": 120}