{"width": 38, "height": 125, "box": {"min": [-5.2419, -7.05623, -10.561548233032227], "max": [7.752697944641113, 17.568824768066406, 2.36315]}, "fps": 120}