{"width": 38, "height": 104, "box": {"min": [-5.2419, -7.05623, -1.2976150512695312], "max": [4.983, 17.4996280670166, 14.023673057556152]}, "fps": 120}