{"width": 38, "height": 119, "box": {"min": [-5.2419, -7.05623, -1.9259910583496094], "max": [14.578414916992188, 17.75798225402832, 7.895877838134766]}, "fps": 120}