{"width": 38, "height": 143, "box": {"min": [-8.197195053100586, -7.05623, -1.960669994354248], "max": [25.700119018554688, 18.00089454650879, 2.36315]}, "fps": 120}