{"width": 38, "height": 140, "box": {"min": [-5.2419, -7.05623, -1.9084340333938599], "max": [4.983, 17.559919357299805, 10.495272636413574]}, "fps": 120}