{"width": 38, "height": 148, "box": {"min": [-9.795839309692383, -7.05623, -1.053928017616272], "max": [23.83846664428711, 18.330835342407227, 2.36315]}, "fps": 120}