{"width": 38, "height": 95, "box": {"min": [-5.2419, -7.05623, -2.2522900104522705], "max": [14.40957260131836, 17.61956024169922, 7.170621871948242]}, "fps": 120}