{"width": 38, "height": 106, "box": {"min": [-5.2419, -7.05623, -10.305315971374512], "max": [8.89535140991211, 17.577564239501953, 2.36315]}, "fps": 120}