{"width": 38, "height": 179, "box": {"min": [-6.886094093322754, -7.05623, -0.40465], "max": [13.660181999206543, 20.796770095825195, 2.36315]}, "fps": 120}