{"width": 38, "height": 63, "box": {"min": [-5.2419, -7.05623, -2.2709529399871826], "max": [4.983, 17.260175704956055, 2.36315]}, "fps": 120}