{"width": 38, "height": 95, "box": {"min": [-5.2419, -7.05623, -0.40465], "max": [5.329129219055176, 17.48582649230957, 2.36315]}, "fps": 120}