{"width": 38, "height": 58, "box": {"min": [-9.978254318237305, -7.05623, -1.936081051826477], "max": [4.983, 18.138050079345703, 2.36315]}, "fps": 120}