{"width": 38, "height": 99, "box": {"min": [-5.2419, -7.05623, -8.836350440979004], "max": [16.692773818969727, 17.602745056152344, 2.36315]}, "fps": 120}