{"width": 38, "height": 69, "box": {"min": [-5.2419, -7.05623, -1.1171729564666748], "max": [13.526487350463867, 18.062660217285156, 4.524895191192627]}, "fps": 120}