{"width": 38, "height": 152, "box": {"min": [-5.2419, -7.05623, -0.40465], "max": [10.637301445007324, 21.347135543823242, 2.36315]}, "fps": 120}