{"width": 38, "height": 140, "box": {"min": [-12.187952041625977, -7.05623, -0.40465], "max": [25.888469696044922, 17.901716232299805, 3.1931309700012207]}, "fps": 120}