{"width": 38, "height": 71, "box": {"min": [-8.281474113464355, -7.05623, -5.384676933288574], "max": [8.370498657226562, 18.090925216674805, 2.36315]}, "fps": 120}