{"width": 38, "height": 162, "box": {"min": [-15.942694664001465, -7.05623, -0.40465], "max": [26.135374069213867, 17.960681915283203, 2.7743940353393555]}, "fps": 120}