{"width": 38, "height": 88, "box": {"min": [-5.2419, -7.05623, -0.40465], "max": [4.983, 17.49907112121582, 3.030914068222046]}, "fps": 120}