{"width": 38, "height": 207, "box": {"min": [-21.253835678100586, -7.05623, -0.6848300099372864], "max": [24.302465438842773, 18.152624130249023, 4.124657154083252]}, "fps": 120}