{"width": 38, "height": 250, "box": {"min": [-25.14158058166504, -7.05623, -0.40465], "max": [24.312416076660156, 17.92288589477539, 3.1055829524993896]}, "fps": 120}