{"width": 38, "height": 97, "box": {"min": [-9.40147590637207, -7.05623, -2.285454034805298], "max": [9.162089347839355, 17.529565811157227, 5.393016815185547]}, "fps": 120}