{"width": 38, "height": 175, "box": {"min": [-5.2419, -7.05623, -0.40465], "max": [13.783556938171387, 21.272384643554688, 2.36315]}, "fps": 120}