{"width": 38, "height": 83, "box": {"min": [-5.2419, -7.05623, -1.9528559446334839], "max": [5.477004051208496, 17.674026489257812, 2.36315]}, "fps": 120}