{"width": 38, "height": 230, "box": {"min": [-13.532081604003906, -7.05623, -1.4980570077896118], "max": [25.412769317626953, 18.039207458496094, 2.36315]}, "fps": 120}