{"width": 38, "height": 265, "box": {"min": [-19.536968231201172, -7.05623, -1.0224100351333618], "max": [28.897132873535156, 18.027475357055664, 2.747905969619751]}, "fps": 120}