{"width": 38, "height": 83, "box": {"min": [-5.2419, -7.05623, -0.40465], "max": [4.983, 17.51952362060547, 3.07737398147583]}, "fps": 120}