{"width": 38, "height": 75, "box": {"min": [-5.2419, -7.05623, -0.40465], "max": [15.919779777526855, 16.175039291381836, 2.36315]}, "fps": 120}