{"width": 38, "height": 87, "box": {"min": [-5.2419, -7.05623, -0.40465], "max": [4.983, 17.42003631591797, 3.365628957748413]}, "fps": 120}