{"width": 38, "height": 123, "box": {"min": [-13.147701263427734, -7.05623, -1.2237839698791504], "max": [5.678339004516602, 17.624019622802734, 2.36315]}, "fps": 120}