{"width": 38, "height": 117, "box": {"min": [-11.801337242126465, -7.05623, -1.0911920070648193], "max": [18.368370056152344, 18.145849227905273, 2.36315]}, "fps": 120}