{"width": 38, "height": 60, "box": {"min": [-5.2419, -7.05623, -6.194714069366455], "max": [11.521162033081055, 17.88544464111328, 2.36315]}, "fps": 120}