{"width": 38, "height": 107, "box": {"min": [-5.2419, -7.05623, -11.25892162322998], "max": [7.861581802368164, 17.381473541259766, 2.36315]}, "fps": 120}