{"width": 38, "height": 283, "box": {"min": [-20.85603141784668, -7.05623, -1.1768790483474731], "max": [27.34491539001465, 17.909955978393555, 3.0494298934936523]}, "fps": 120}