{"width": 38, "height": 100, "box": {"min": [-5.2419, -7.05623, -0.40465], "max": [5.376410961151123, 17.392057418823242, 2.36315]}, "fps": 120}