{"width": 38, "height": 133, "box": {"min": [-5.2419, -7.05623, -8.518047332763672], "max": [7.700430870056152, 17.82949447631836, 2.36315]}, "fps": 120}