{"width": 38, "height": 84, "box": {"min": [-5.2419, -7.05623, -0.40465], "max": [5.45485782623291, 17.484615325927734, 2.36315]}, "fps": 120}