{"width": 38, "height": 165, "box": {"min": [-5.2419, -7.05623, -0.40465], "max": [12.502057075500488, 21.90532875061035, 2.36315]}, "fps": 120}