{"width": 38, "height": 44, "box": {"min": [-5.2419, -7.05623, -0.40465], "max": [7.484508037567139, 17.596721649169922, 4.217109203338623]}, "fps": 120}