{"width": 38, "height": 87, "box": {"min": [-5.2419, -7.05623, -1.2966489791870117], "max": [4.983, 17.414457321166992, 2.36315]}, "fps": 120}