{"width": 38, "height": 178, "box": {"min": [-5.702270984649658, -7.05623, -10.960906982421875], "max": [5.3497538566589355, 17.489042282104492, 2.36315]}, "fps": 120}