{"width": 38, "height": 176, "box": {"min": [-13.72083854675293, -7.05623, -3.4445979595184326], "max": [5.515859127044678, 17.56707763671875, 2.36315]}, "fps": 120}