{"width": 38, "height": 131, "box": {"min": [-10.134784698486328, -7.05623, -0.40465], "max": [21.64176368713379, 17.70673942565918, 2.4564170837402344]}, "fps": 120}