{"width": 38, "height": 140, "box": {"min": [-5.2419, -7.05623, -0.40465], "max": [4.983, 17.582014083862305, 16.263418197631836]}, "fps": 120}