{"width": 38, "height": 169, "box": {"min": [-11.27138614654541, -7.05623, -1.3346140384674072], "max": [9.417889595031738, 17.483816146850586, 4.8845062255859375]}, "fps": 120}