{"width": 38, "height": 58, "box": {"min": [-5.2419, -7.05623, -0.40465], "max": [6.866710186004639, 17.236806869506836, 5.097446918487549]}, "fps": 120}