{"width": 38, "height": 152, "box": {"min": [-5.2419, -7.05623, -0.40465], "max": [17.44256591796875, 21.053266525268555, 2.36315]}, "fps": 120}