{"width": 38, "height": 104, "box": {"min": [-5.2419, -7.05623, -0.40465], "max": [12.267949104309082, 16.698549270629883, 2.36315]}, "fps": 120}