{"width": 38, "height": 289, "box": {"min": [-15.545001983642578, -7.05623, -0.40465], "max": [18.62141990661621, 17.46647071838379, 2.36315]}, "fps": 120}