{"width": 38, "height": 311, "box": {"min": [-17.052104949951172, -7.05623, -0.40465], "max": [23.719236373901367, 17.972557067871094, 3.5916121006011963]}, "fps": 120}