{"width": 38, "height": 20760, "box": {"min": [-22.74431037902832, -7.05623, -66.67340850830078], "max": [30.63825225830078, 20.7183780670166, 76.62036895751953]}, "fps": 120}