{"width": 38, "height": 117, "box": {"min": [-8.988688468933105, -7.05623, -2.3158600330352783], "max": [10.048394203186035, 17.69964599609375, 8.179343223571777]}, "fps": 120}