{"width": 38, "height": 121, "box": {"min": [-8.760971069335938, -7.05623, -0.9590460062026978], "max": [10.113628387451172, 17.793655395507812, 6.903576850891113]}, "fps": 120}