{"width": 38, "height": 180, "box": {"min": [-5.2419, -7.05623, -11.570671081542969], "max": [7.466279983520508, 17.634933471679688, 2.36315]}, "fps": 120}