{"width": 38, "height": 114, "box": {"min": [-5.2419, -7.05623, -0.40465], "max": [5.004951000213623, 17.429433822631836, 2.36315]}, "fps": 120}