{"width": 38, "height": 72, "box": {"min": [-8.17110538482666, -7.05623, -0.8967959880828857], "max": [5.304481029510498, 17.59878921508789, 4.149237155914307]}, "fps": 120}