{"width": 38, "height": 130, "box": {"min": [-10.823390007019043, -7.05623, -6.59435510635376], "max": [4.983, 17.770410537719727, 2.6087069511413574]}, "fps": 120}