{"width": 38, "height": 150, "box": {"min": [-5.2419, -7.05623, -0.40465], "max": [16.47178077697754, 20.800697326660156, 2.36315]}, "fps": 120}