{"width": 38, "height": 116, "box": {"min": [-5.2419, -7.05623, -1.7539639472961426], "max": [4.983, 17.476722717285156, 2.36315]}, "fps": 120}