{"width": 38, "height": 126, "box": {"min": [-10.07518482208252, -7.05623, -1.832476019859314], "max": [10.686714172363281, 17.67749786376953, 7.431758880615234]}, "fps": 120}