{"width": 38, "height": 126, "box": {"min": [-17.750947952270508, -7.05623, -0.8018050193786621], "max": [11.956873893737793, 17.69603729248047, 2.36315]}, "fps": 120}