{"width": 38, "height": 146, "box": {"min": [-5.2419, -7.05623, -0.630016028881073], "max": [4.983, 17.514802932739258, 13.9584321975708]}, "fps": 120}