{"width": 38, "height": 332, "box": {"min": [-18.744853973388672, -7.05623, -0.40465], "max": [23.860361099243164, 17.8472957611084, 3.567915916442871]}, "fps": 120}