{"width": 38, "height": 261, "box": {"min": [-13.198870658874512, -7.05623, -1.0587990283966064], "max": [18.505889892578125, 17.449169158935547, 2.4869720935821533]}, "fps": 120}