{"width": 38, "height": 185, "box": {"min": [-5.426937103271484, -7.05623, -10.099367141723633], "max": [7.0812602043151855, 17.611774444580078, 2.36315]}, "fps": 120}