{"width": 38, "height": 212, "box": {"min": [-18.678159713745117, -7.05623, -1.7471849918365479], "max": [9.43344497680664, 17.939895629882812, 2.36315]}, "fps": 120}