{"width": 38, "height": 188, "box": {"min": [-19.17793083190918, -7.05623, -0.40465], "max": [22.950284957885742, 18.173952102661133, 2.513592004776001]}, "fps": 120}