{"width": 38, "height": 126, "box": {"min": [-10.438820838928223, -7.05623, -3.890623092651367], "max": [9.503341674804688, 17.711368560791016, 2.36315]}, "fps": 120}