{"width": 38, "height": 188, "box": {"min": [-5.2419, -7.05623, -1.6091339588165283], "max": [4.983, 17.420486450195312, 11.100881576538086]}, "fps": 120}