{"width": 38, "height": 142, "box": {"min": [-5.2419, -7.05623, -11.061444282531738], "max": [9.955642700195312, 17.565088272094727, 2.36315]}, "fps": 120}