{"width": 38, "height": 125, "box": {"min": [-6.340307235717773, -7.05623, -0.40465], "max": [23.358718872070312, 17.68389892578125, 4.342433929443359]}, "fps": 120}