{"width": 38, "height": 132, "box": {"min": [-11.082045555114746, -7.05623, -6.389886856079102], "max": [4.983, 17.6958065032959, 2.36315]}, "fps": 120}