{"width": 38, "height": 121, "box": {"min": [-9.212401390075684, -7.05623, -5.568850994110107], "max": [11.746960639953613, 17.669599533081055, 2.36315]}, "fps": 120}