{"width": 38, "height": 189, "box": {"min": [-15.879794120788574, -7.05623, -0.40465], "max": [24.42055320739746, 18.15006446838379, 2.906200885772705]}, "fps": 120}