{"width": 38, "height": 211, "box": {"min": [-11.1874418258667, -7.05623, -0.40465], "max": [21.504756927490234, 17.846017837524414, 4.376267910003662]}, "fps": 120}