{"width": 38, "height": 74, "box": {"min": [-10.078819274902344, -7.05623, -0.40465], "max": [4.983, 17.70281410217285, 2.36315]}, "fps": 120}