{"width": 38, "height": 30, "box": {"min": [-5.2419, -7.05623, -1.6796129941940308], "max": [4.983, 17.279712677001953, 2.36315]}, "fps": 120}