{"width": 38, "height": 185, "box": {"min": [-13.245004653930664, -7.05623, -1.6078519821166992], "max": [6.748196125030518, 17.692394256591797, 3.3962581157684326]}, "fps": 120}