{"width": 38, "height": 268, "box": {"min": [-13.388496398925781, -7.05623, -1.1271079778671265], "max": [18.17232322692871, 17.40196990966797, 2.36315]}, "fps": 120}