{"width": 38, "height": 216, "box": {"min": [-5.2419, -7.05623, -1.4286060333251953], "max": [4.983, 17.408443450927734, 11.468328475952148]}, "fps": 120}