{"width": 38, "height": 289, "box": {"min": [-17.473386764526367, -7.05623, -0.40465], "max": [26.12771987915039, 17.803598403930664, 3.9326860904693604]}, "fps": 120}