{"width": 38, "height": 286, "box": {"min": [-20.526281356811523, -7.05623, -0.910444974899292], "max": [24.288188934326172, 17.65399742126465, 2.76255202293396]}, "fps": 120}