{"width": 38, "height": 123, "box": {"min": [-10.333645820617676, -7.05623, -5.124489784240723], "max": [10.238962173461914, 17.70184326171875, 2.36315]}, "fps": 120}