{"width": 38, "height": 115, "box": {"min": [-5.2419, -7.05623, -1.6213940382003784], "max": [4.983, 17.537017822265625, 2.36315]}, "fps": 120}