{"width": 38, "height": 115, "box": {"min": [-5.2419, -7.05623, -1.7975399494171143], "max": [4.983, 17.460115432739258, 2.36315]}, "fps": 120}