{"width": 38, "height": 156, "box": {"min": [-5.2419, -7.05623, -0.40465], "max": [18.707881927490234, 22.146982192993164, 2.36315]}, "fps": 120}