{"width": 38, "height": 153, "box": {"min": [-7.343350887298584, -7.05623, -0.40465], "max": [18.475482940673828, 21.841047286987305, 2.6210460662841797]}, "fps": 120}