{"width": 38, "height": 111, "box": {"min": [-5.2419, -7.05623, -1.733989953994751], "max": [4.983, 17.3461971282959, 2.36315]}, "fps": 120}