{"width": 38, "height": 182, "box": {"min": [-6.741313934326172, -7.05623, -8.37125301361084], "max": [6.08954381942749, 17.492082595825195, 2.36315]}, "fps": 120}