{"width": 38, "height": 21295, "box": {"min": [-21.995746612548828, -7.05623, -76.7478256225586], "max": [30.710147857666016, 21.075639724731445, 79.29668426513672]}, "fps": 120}