{"width": 38, "height": 124, "box": {"min": [-11.079578399658203, -7.05623, -1.485826015472412], "max": [9.091678619384766, 17.91636085510254, 5.347190856933594]}, "fps": 120}