{"width": 38, "height": 201, "box": {"min": [-17.38562774658203, -7.05623, -2.0801150798797607], "max": [24.04201889038086, 17.492441177368164, 3.1098549365997314]}, "fps": 120}