{"width": 38, "height": 367, "box": {"min": [-19.879703521728516, -7.05623, -3.4593799114227295], "max": [20.991975784301758, 17.781038284301758, 2.36315]}, "fps": 120}