{"width": 38, "height": 193, "box": {"min": [-18.450942993164062, -7.05623, -0.6294919848442078], "max": [22.732803344726562, 17.970293045043945, 2.6534230709075928]}, "fps": 120}