{"width": 38, "height": 161, "box": {"min": [-9.405311584472656, -7.05623, -0.40465], "max": [13.816749572753906, 22.458118438720703, 3.070923089981079]}, "fps": 120}