{"width": 38, "height": 69, "box": {"min": [-8.070591926574707, -7.05623, -2.579986095428467], "max": [5.597002983093262, 17.427806854248047, 2.36315]}, "fps": 120}