{"width": 38, "height": 65, "box": {"min": [-8.115987777709961, -7.05623, -2.1900370121002197], "max": [4.983, 17.314176559448242, 2.36315]}, "fps": 120}