{"width": 38, "height": 161, "box": {"min": [-12.5150785446167, -7.05623, -1.2839339971542358], "max": [5.900407791137695, 17.740659713745117, 2.8052918910980225]}, "fps": 120}