{"width": 38, "height": 286, "box": {"min": [-19.752918243408203, -7.05623, -2.459583044052124], "max": [25.774450302124023, 17.865375518798828, 2.36315]}, "fps": 120}