{"width": 38, "height": 74, "box": {"min": [-6.896793842315674, -7.05623, -0.40465], "max": [4.983, 17.650371551513672, 2.36315]}, "fps": 120}