{"width": 38, "height": 167, "box": {"min": [-5.2419, -7.05623, -2.1005330085754395], "max": [4.983, 17.49445343017578, 12.610541343688965]}, "fps": 120}