{"width": 38, "height": 21908, "box": {"min": [-22.980806350708008, -7.05623, -65.60375213623047], "max": [29.77943229675293, 20.349956512451172, 81.42457580566406]}, "fps": 120}