{"width": 38, "height": 22803, "box": {"min": [-24.3555965423584, -7.05623, -84.10279083251953], "max": [27.489580154418945, 20.855178833007812, 85.70638275146484]}, "fps": 120}