{"width": 38, "height": 23934, "box": {"min": [-35.52499771118164, -7.05623, -44.74886703491211], "max": [36.878536224365234, 23.581382751464844, 83.8902816772461]}, "fps": 120}