{"width": 38, "height": 22580, "box": {"min": [-33.853111267089844, -7.05623, -49.147247314453125], "max": [37.322731018066406, 23.209386825561523, 84.89363098144531]}, "fps": 120}