{"width": 38, "height": 19870, "box": {"min": [-24.137161254882812, -7.05623, -75.46743774414062], "max": [26.136272430419922, 23.241222381591797, 81.43614959716797]}, "fps": 120}