{"width": 38, "height": 18942, "box": {"min": [-27.235761642456055, -7.05623, -88.55120086669922], "max": [26.7585506439209, 22.69632339477539, 85.75309753417969]}, "fps": 120}