{"width": 38, "height": 23830, "box": {"min": [-21.83134651184082, -7.05623, -65.60772705078125], "max": [25.303176879882812, 20.868532180786133, 82.57323455810547]}, "fps": 120}