{"width": 38, "height": 27369, "box": {"min": [-26.002866744995117, -7.05623, -71.78620147705078], "max": [29.941612243652344, 21.27676773071289, 80.16609954833984]}, "fps": 120}