{"width": 38, "height": 13057, "box": {"min": [-23.275148391723633, -7.05623, -76.4675064086914], "max": [28.985740661621094, 20.73982048034668, 77.99748229980469]}, "fps": 120}