{"width": 38, "height": 11593, "box": {"min": [-26.628286361694336, -7.05623, -80.19928741455078], "max": [24.967628479003906, 22.248382568359375, 77.46703338623047]}, "fps": 120}