{"width": 38, "height": 24358, "box": {"min": [-23.95492172241211, -7.05623, -68.76953125], "max": [24.955120086669922, 20.97764015197754, 86.1695785522461]}, "fps": 120}