{"width": 38, "height": 30540, "box": {"min": [-22.561595916748047, -7.05623, -66.46582794189453], "max": [27.6160945892334, 21.043331146240234, 84.38471221923828]}, "fps": 120}