{"width": 38, "height": 159, "box": {"min": [-12.768433570861816, -7.05623, -5.095686912536621], "max": [8.169939041137695, 17.41472625732422, 2.36315]}, "fps": 120}