{"width": 38, "height": 69, "box": {"min": [-5.2419, -7.05623, -1.155892014503479], "max": [12.452685356140137, 17.86908721923828, 4.60826301574707]}, "fps": 120}