{"width": 38, "height": 323, "box": {"min": [-22.005460739135742, -7.05623, -2.220449924468994], "max": [23.54569435119629, 17.460325241088867, 2.36315]}, "fps": 120}