{"width": 38, "height": 67, "box": {"min": [-5.2419, -7.05623, -0.40465], "max": [11.130535125732422, 17.948394775390625, 5.984357833862305]}, "fps": 120}