{"width": 38, "height": 89, "box": {"min": [-10.664332389831543, -7.05623, -7.944364070892334], "max": [5.1755290031433105, 17.000553131103516, 2.36315]}, "fps": 120}