{"width": 38, "height": 161, "box": {"min": [-5.2419, -7.05623, -1.2916439771652222], "max": [4.983, 17.446683883666992, 13.7012357711792]}, "fps": 120}