{"width": 38, "height": 104, "box": {"min": [-5.2419, -7.05623, -0.40465], "max": [11.485430717468262, 16.922988891601562, 2.36315]}, "fps": 120}