{"width": 38, "height": 81, "box": {"min": [-13.25572395324707, -7.05623, -0.40465], "max": [4.983, 17.41652488708496, 2.36315]}, "fps": 120}