{"width": 38, "height": 23, "box": {"min": [-5.2419, -7.05623, -1.0032190084457397], "max": [4.983, 17.187833786010742, 2.36315]}, "fps": 120}