{"width": 38, "height": 62, "box": {"min": [-5.2419, -7.05623, -5.096391201019287], "max": [9.380477905273438, 17.812231063842773, 2.36315]}, "fps": 120}