{"width": 38, "height": 148, "box": {"min": [-11.791839599609375, -7.05623, -2.7572150230407715], "max": [8.760289192199707, 17.394426345825195, 3.746051073074341]}, "fps": 120}