{"width": 38, "height": 17922, "box": {"min": [-35.37548828125, -7.05623, -41.98245620727539], "max": [46.879276275634766, 22.136194229125977, 87.81326293945312]}, "fps": 120}