{"width": 38, "height": 62, "box": {"min": [-5.2419, -7.05623, -0.6794819831848145], "max": [8.7874116897583, 17.99467658996582, 3.8822219371795654]}, "fps": 120}