{"width": 38, "height": 87, "box": {"min": [-5.2419, -7.05623, -0.40465], "max": [4.983, 17.28421974182129, 2.36315]}, "fps": 120}