{"width": 38, "height": 167, "box": {"min": [-5.2419, -7.05623, -14.83243465423584], "max": [7.360756874084473, 17.364887237548828, 2.36315]}, "fps": 120}