{"width": 38, "height": 147, "box": {"min": [-5.633600234985352, -7.05623, -0.40465], "max": [17.57722282409668, 20.473623275756836, 2.36315]}, "fps": 120}