{"width": 38, "height": 107, "box": {"min": [-5.2419, -7.05623, -1.9179760217666626], "max": [4.983, 17.367332458496094, 2.36315]}, "fps": 120}