{"width": 38, "height": 108, "box": {"min": [-9.385584831237793, -7.05623, -2.5844409465789795], "max": [4.983, 17.053512573242188, 10.750274658203125]}, "fps": 120}