{"width": 38, "height": 174, "box": {"min": [-5.2419, -7.05623, -1.1902780532836914], "max": [5.090793132781982, 17.469514846801758, 14.968469619750977]}, "fps": 120}