{"width": 38, "height": 319, "box": {"min": [-22.39395523071289, -7.05623, -2.549959897994995], "max": [25.505136489868164, 17.438486099243164, 2.36315]}, "fps": 120}