{"width": 38, "height": 114, "box": {"min": [-7.1617112159729, -7.05623, -0.40465], "max": [24.67660140991211, 17.513830184936523, 2.36315]}, "fps": 120}