{"width": 38, "height": 65, "box": {"min": [-5.2419, -7.05623, -5.9091010093688965], "max": [12.016648292541504, 17.87772560119629, 2.36315]}, "fps": 120}