{"width": 38, "height": 130, "box": {"min": [-11.764779090881348, -7.05623, -1.3687360286712646], "max": [8.057730674743652, 17.47536849975586, 4.113986968994141]}, "fps": 120}