{"width": 38, "height": 96, "box": {"min": [-11.370733261108398, -7.05623, -2.1350231170654297], "max": [9.183710098266602, 17.23766326904297, 6.105894088745117]}, "fps": 120}