{"width": 38, "height": 167, "box": {"min": [-5.2419, -7.05623, -13.146842002868652], "max": [7.5459418296813965, 17.436193466186523, 2.36315]}, "fps": 120}