{"width": 38, "height": 70, "box": {"min": [-5.2419, -7.05623, -6.662356853485107], "max": [12.80575180053711, 17.811208724975586, 2.36315]}, "fps": 120}