{"width": 38, "height": 98, "box": {"min": [-5.2419, -7.05623, -0.40465], "max": [4.983, 17.31430435180664, 2.36315]}, "fps": 120}