{"width": 38, "height": 141, "box": {"min": [-5.2419, -7.05623, -0.40465], "max": [16.967845916748047, 21.252023696899414, 2.36315]}, "fps": 120}