{"width": 38, "height": 150, "box": {"min": [-5.2419, -7.05623, -0.40465], "max": [19.93987274169922, 20.751771926879883, 2.36315]}, "fps": 120}