{"width": 38, "height": 230, "box": {"min": [-18.78306770324707, -7.05623, -2.4054598808288574], "max": [24.008968353271484, 17.431718826293945, 2.36315]}, "fps": 120}