{"width": 38, "height": 327, "box": {"min": [-20.034208297729492, -7.05623, -0.7956089973449707], "max": [27.276809692382812, 17.436016082763672, 4.611907005310059]}, "fps": 120}