{"width": 38, "height": 230, "box": {"min": [-18.591567993164062, -7.05623, -0.40465], "max": [24.38705062866211, 17.433120727539062, 4.61480188369751]}, "fps": 120}