{"width": 38, "height": 98, "box": {"min": [-5.2419, -7.05623, -1.2753640413284302], "max": [4.983, 17.460853576660156, 2.36315]}, "fps": 120}