{"width": 38, "height": 174, "box": {"min": [-22.70354652404785, -7.05623, -0.40465], "max": [15.696762084960938, 18.232778549194336, 2.36315]}, "fps": 120}