{"width": 38, "height": 94, "box": {"min": [-11.358036994934082, -7.05623, -6.972171783447266], "max": [4.983, 17.150033950805664, 2.36315]}, "fps": 120}