{"width": 38, "height": 109, "box": {"min": [-10.177892684936523, -7.05623, -2.782360076904297], "max": [4.983, 17.244291305541992, 8.590554237365723]}, "fps": 120}