{"width": 38, "height": 146, "box": {"min": [-11.268033981323242, -7.05623, -5.939036846160889], "max": [9.617082595825195, 17.459510803222656, 2.36315]}, "fps": 120}