{"width": 38, "height": 166, "box": {"min": [-16.264423370361328, -7.05623, -0.40465], "max": [25.759885787963867, 17.515743255615234, 4.28517484664917]}, "fps": 120}