{"width": 38, "height": 173, "box": {"min": [-5.2419, -7.05623, -13.893099784851074], "max": [8.069914817810059, 17.38880157470703, 2.36315]}, "fps": 120}