{"width": 38, "height": 169, "box": {"min": [-19.584077835083008, -7.05623, -0.716812014579773], "max": [24.057823181152344, 17.489809036254883, 2.838620901107788]}, "fps": 120}