{"width": 38, "height": 172, "box": {"min": [-5.2419, -7.05623, -13.983321189880371], "max": [9.429736137390137, 17.40842056274414, 2.36315]}, "fps": 120}