{"width": 38, "height": 107, "box": {"min": [-5.2419, -7.05623, -1.3078099489212036], "max": [4.983, 17.444095611572266, 2.36315]}, "fps": 120}