{"width": 38, "height": 119, "box": {"min": [-11.609481811523438, -7.05623, -0.7430350184440613], "max": [15.943549156188965, 18.147018432617188, 2.36315]}, "fps": 120}