{"width": 38, "height": 164, "box": {"min": [-9.157613754272461, -7.05623, -0.40465], "max": [16.958419799804688, 21.603757858276367, 2.36315]}, "fps": 120}