{"width": 38, "height": 117, "box": {"min": [-12.672203063964844, -7.05623, -0.9974830150604248], "max": [14.639314651489258, 18.199886322021484, 2.36315]}, "fps": 120}