{"width": 38, "height": 154, "box": {"min": [-9.972053527832031, -7.05623, -0.40465], "max": [16.169950485229492, 21.030616760253906, 2.36315]}, "fps": 120}