{"width": 38, "height": 109, "box": {"min": [-5.2419, -7.05623, -1.699692964553833], "max": [4.983, 17.422847747802734, 2.36315]}, "fps": 120}