{"width": 38, "height": 218, "box": {"min": [-19.07573890686035, -7.05623, -2.411194086074829], "max": [24.297025680541992, 17.434940338134766, 2.36315]}, "fps": 120}