{"width": 38, "height": 140, "box": {"min": [-13.423565864562988, -7.05623, -0.8683120012283325], "max": [6.104314804077148, 17.45298194885254, 3.2399508953094482]}, "fps": 120}