{"width": 38, "height": 74, "box": {"min": [-5.868900775909424, -7.05623, -0.40465], "max": [6.181182861328125, 17.58926010131836, 2.559264898300171]}, "fps": 120}