{"width": 38, "height": 93, "box": {"min": [-12.522541046142578, -7.05623, -0.6234210133552551], "max": [6.90105676651001, 17.357973098754883, 5.251990795135498]}, "fps": 120}