{"width": 38, "height": 16431, "box": {"min": [-34.90010452270508, -7.05623, -42.507286071777344], "max": [34.426170349121094, 22.736064910888672, 86.11194610595703]}, "fps": 120}