{"width": 38, "height": 91, "box": {"min": [-10.952654838562012, -7.05623, -6.726058006286621], "max": [9.105624198913574, 17.18985939025879, 2.36315]}, "fps": 120}