{"width": 38, "height": 58, "box": {"min": [-10.218491554260254, -7.05623, -1.8746839761734009], "max": [4.983, 17.743677139282227, 2.36315]}, "fps": 120}