{"width": 38, "height": 171, "box": {"min": [-13.84916877746582, -7.05623, -0.40465], "max": [25.55252456665039, 18.332616806030273, 2.370042085647583]}, "fps": 120}