{"width": 38, "height": 46, "box": {"min": [-5.2419, -7.05623, -0.40465], "max": [4.983, 17.147056579589844, 4.380348205566406]}, "fps": 120}