{"width": 38, "height": 169, "box": {"min": [-20.82080841064453, -7.05623, -2.436455011367798], "max": [19.883041381835938, 17.532779693603516, 2.36315]}, "fps": 120}