{"width": 38, "height": 146, "box": {"min": [-5.2419, -7.05623, -0.40465], "max": [18.424549102783203, 21.195661544799805, 2.36315]}, "fps": 120}