{"width": 38, "height": 221, "box": {"min": [-17.32540512084961, -7.05623, -0.871849000453949], "max": [24.992393493652344, 17.42254066467285, 2.488732099533081]}, "fps": 120}