{"width": 38, "height": 116, "box": {"min": [-5.2419, -7.05623, -0.40465], "max": [4.983, 17.27799415588379, 15.259687423706055]}, "fps": 120}