{"width": 38, "height": 315, "box": {"min": [-18.491432189941406, -7.05623, -0.40465], "max": [27.199951171875, 17.443056106567383, 4.683577060699463]}, "fps": 120}