{"width": 38, "height": 67, "box": {"min": [-5.2419, -7.05623, -7.634393215179443], "max": [11.272761344909668, 17.65738296508789, 2.36315]}, "fps": 120}