{"width": 38, "height": 64, "box": {"min": [-5.2419, -7.05623, -0.8481280207633972], "max": [4.983, 17.219507217407227, 2.36315]}, "fps": 120}