{"width": 38, "height": 177, "box": {"min": [-20.017393112182617, -7.05623, -0.9339600205421448], "max": [24.56142234802246, 17.64851951599121, 3.165186882019043]}, "fps": 120}