{"width": 38, "height": 93, "box": {"min": [-5.2419, -7.05623, -0.40465], "max": [4.983, 16.77998161315918, 2.632910966873169]}, "fps": 120}