{"width": 38, "height": 110, "box": {"min": [-9.850178718566895, -7.05623, -5.351350784301758], "max": [10.403251647949219, 16.02518081665039, 2.36315]}, "fps": 120}