{"width": 38, "height": 193, "box": {"min": [-17.95941734313965, -7.05623, -0.7784469723701477], "max": [20.822790145874023, 15.643258094787598, 2.36315]}, "fps": 120}