{"width": 38, "height": 188, "box": {"min": [-10.850603103637695, -7.05623, -0.40465], "max": [24.398815155029297, 17.13287925720215, 2.9962809085845947]}, "fps": 120}