{"width": 38, "height": 153, "box": {"min": [-12.9064359664917, -7.05623, -1.647094964981079], "max": [4.983, 16.45060920715332, 2.36315]}, "fps": 120}