{"width": 38, "height": 101, "box": {"min": [-5.2419, -7.05623, -0.40465], "max": [7.9053568840026855, 16.483617782592773, 3.250225067138672]}, "fps": 120}