{"width": 38, "height": 176, "box": {"min": [-5.668284893035889, -7.05623, -1.023568034172058], "max": [4.983, 16.60592269897461, 9.651924133300781]}, "fps": 120}