{"width": 38, "height": 82, "box": {"min": [-5.2419, -7.05623, -0.9861720204353333], "max": [4.983, 16.427629470825195, 2.36315]}, "fps": 120}