{"width": 38, "height": 100, "box": {"min": [-5.2419, -7.05623, -0.40465], "max": [4.983, 16.610008239746094, 2.36315]}, "fps": 120}