{"width": 38, "height": 40, "box": {"min": [-6.111792087554932, -7.05623, -1.6145939826965332], "max": [4.983, 15.531662940979004, 2.36315]}, "fps": 120}