{"width": 38, "height": 41, "box": {"min": [-5.2419, -7.05623, -1.423145055770874], "max": [4.983, 15.274481773376465, 2.36315]}, "fps": 120}