{"width": 38, "height": 197, "box": {"min": [-18.111982345581055, -7.05623, -0.5109949707984924], "max": [23.19569969177246, 15.700958251953125, 2.5630500316619873]}, "fps": 120}