{"width": 38, "height": 163, "box": {"min": [-14.407341003417969, -7.05623, -1.5074779987335205], "max": [4.983, 16.468603134155273, 2.36315]}, "fps": 120}