{"width": 38, "height": 75, "box": {"min": [-5.2419, -7.05623, -3.967158079147339], "max": [8.328330039978027, 17.37576675415039, 2.36315]}, "fps": 120}