{"width": 38, "height": 118, "box": {"min": [-12.665388107299805, -7.05623, -1.4174779653549194], "max": [5.911870956420898, 16.23914909362793, 3.902569055557251]}, "fps": 120}