{"width": 38, "height": 207, "box": {"min": [-19.645376205444336, -7.05623, -0.40465], "max": [15.68411636352539, 16.483959197998047, 2.36315]}, "fps": 120}