{"width": 38, "height": 112, "box": {"min": [-13.100546836853027, -7.05623, -2.1569840908050537], "max": [5.348618984222412, 16.044607162475586, 2.36315]}, "fps": 120}