{"width": 38, "height": 68, "box": {"min": [-5.2419, -7.05623, -0.40465], "max": [10.459527015686035, 17.24683952331543, 4.774734973907471]}, "fps": 120}