{"width": 38, "height": 96, "box": {"min": [-5.2419, -7.05623, -0.40465], "max": [4.983, 16.53873062133789, 2.679054021835327]}, "fps": 120}