{"width": 38, "height": 277, "box": {"min": [-18.76193618774414, -7.05623, -1.5205529928207397], "max": [23.063003540039062, 16.487045288085938, 2.36315]}, "fps": 120}