{"width": 38, "height": 177, "box": {"min": [-5.2419, -7.05623, -9.619789123535156], "max": [8.36162281036377, 16.5054988861084, 2.36315]}, "fps": 120}