{"width": 38, "height": 90, "box": {"min": [-5.2419, -7.05623, -1.1942059993743896], "max": [4.983, 16.090965270996094, 2.36315]}, "fps": 120}