{"width": 38, "height": 205, "box": {"min": [-18.445642471313477, -7.05623, -0.7656199932098389], "max": [23.532690048217773, 15.656091690063477, 2.9447360038757324]}, "fps": 120}