{"width": 38, "height": 152, "box": {"min": [-12.565546035766602, -7.05623, -1.815837025642395], "max": [6.328383922576904, 16.76836395263672, 4.293988227844238]}, "fps": 120}