{"width": 38, "height": 337, "box": {"min": [-22.33698844909668, -7.05623, -2.068305015563965], "max": [17.853660583496094, 16.684099197387695, 2.36315]}, "fps": 120}