{"width": 38, "height": 109, "box": {"min": [-5.2419, -7.05623, -0.40465], "max": [10.870074272155762, 16.864625930786133, 2.449666976928711]}, "fps": 120}