{"width": 38, "height": 80, "box": {"min": [-5.2419, -7.05623, -5.109649181365967], "max": [11.34662914276123, 17.163434982299805, 2.36315]}, "fps": 120}