{"width": 38, "height": 377, "box": {"min": [-12.738517761230469, -7.05623, -0.6973739862442017], "max": [27.93699073791504, 16.472686767578125, 2.977618932723999]}, "fps": 120}