{"width": 38, "height": 126, "box": {"min": [-10.689468383789062, -7.05623, -5.052299976348877], "max": [9.75304889678955, 16.019203186035156, 2.36315]}, "fps": 120}