{"width": 38, "height": 27576, "box": {"min": [-23.67292594909668, -7.05623, -88.2193603515625], "max": [29.842485427856445, 20.114273071289062, 79.03225708007812]}, "fps": 120}