{"width": 38, "height": 117, "box": {"min": [-10.00660514831543, -7.05623, -4.719534873962402], "max": [10.618712425231934, 16.22270393371582, 2.36315]}, "fps": 120}