{"width": 38, "height": 268, "box": {"min": [-20.680051803588867, -7.05623, -0.8106799721717834], "max": [23.50198745727539, 16.172826766967773, 2.865233898162842]}, "fps": 120}