{"width": 38, "height": 257, "box": {"min": [-14.869545936584473, -7.05623, -0.40465], "max": [24.786653518676758, 15.626648902893066, 3.2981479167938232]}, "fps": 120}