{"width": 38, "height": 120, "box": {"min": [-5.2419, -7.05623, -1.5577809810638428], "max": [4.983, 15.943634986877441, 10.39891529083252]}, "fps": 120}