{"width": 38, "height": 82, "box": {"min": [-5.2419, -7.05623, -4.604191780090332], "max": [11.2542142868042, 17.46978187561035, 2.36315]}, "fps": 120}