{"width": 38, "height": 89, "box": {"min": [-5.2419, -7.05623, -1.4026219844818115], "max": [4.983, 16.499881744384766, 2.36315]}, "fps": 120}