{"width": 38, "height": 74, "box": {"min": [-8.279947280883789, -7.05623, -0.847491979598999], "max": [6.488018035888672, 17.186046600341797, 3.9839189052581787]}, "fps": 120}