{"width": 38, "height": 189, "box": {"min": [-10.942532539367676, -7.05623, -0.7689409852027893], "max": [21.39297866821289, 17.716955184936523, 2.36315]}, "fps": 120}