{"width": 38, "height": 98, "box": {"min": [-5.2419, -7.05623, -0.40465], "max": [14.821778297424316, 15.651516914367676, 2.36315]}, "fps": 120}