{"width": 38, "height": 367, "box": {"min": [-14.959200859069824, -7.05623, -0.40465], "max": [26.17681121826172, 16.434064865112305, 3.6632440090179443]}, "fps": 120}