{"width": 38, "height": 133, "box": {"min": [-5.2419, -7.05623, -0.40465], "max": [12.443164825439453, 19.17047691345215, 2.9037699699401855]}, "fps": 120}