{"width": 38, "height": 72, "box": {"min": [-5.2419, -7.05623, -0.40465], "max": [13.100723266601562, 17.3275089263916, 6.937440872192383]}, "fps": 120}