{"width": 38, "height": 129, "box": {"min": [-12.285284042358398, -7.05623, -0.7849810123443604], "max": [12.990100860595703, 17.20071029663086, 2.36315]}, "fps": 120}