{"width": 38, "height": 120, "box": {"min": [-5.2419, -7.05623, -0.40465], "max": [14.573692321777344, 18.917383193969727, 2.6443030834198]}, "fps": 120}