{"width": 38, "height": 207, "box": {"min": [-10.38861083984375, -7.05623, -0.40465], "max": [26.075969696044922, 16.204952239990234, 2.8848109245300293]}, "fps": 120}