{"width": 38, "height": 136, "box": {"min": [-5.2419, -7.05623, -0.40465], "max": [12.678661346435547, 19.394756317138672, 2.36315]}, "fps": 120}