{"width": 38, "height": 206, "box": {"min": [-11.855992317199707, -7.05623, -0.40465], "max": [20.239246368408203, 16.594392776489258, 2.36315]}, "fps": 120}