{"width": 38, "height": 129, "box": {"min": [-5.2419, -7.05623, -13.762231826782227], "max": [6.705145835876465, 16.311365127563477, 2.36315]}, "fps": 120}