{"width": 38, "height": 215, "box": {"min": [-9.923832893371582, -7.05623, -1.3047469854354858], "max": [23.636287689208984, 16.009328842163086, 2.36315]}, "fps": 120}