{"width": 38, "height": 156, "box": {"min": [-13.03487491607666, -7.05623, -0.7480270266532898], "max": [5.017506122589111, 16.627376556396484, 3.9285459518432617]}, "fps": 120}