{"width": 38, "height": 130, "box": {"min": [-6.143671989440918, -7.05623, -0.40465], "max": [11.799216270446777, 19.31224822998047, 2.937614917755127]}, "fps": 120}