{"width": 38, "height": 86, "box": {"min": [-5.2419, -7.05623, -1.5161449909210205], "max": [4.983, 16.382781982421875, 2.36315]}, "fps": 120}