{"width": 38, "height": 72, "box": {"min": [-5.2419, -7.05623, -5.038042068481445], "max": [10.545504570007324, 17.18834686279297, 2.36315]}, "fps": 120}