{"width": 38, "height": 119, "box": {"min": [-11.713571548461914, -7.05623, -3.3723669052124023], "max": [7.366158962249756, 16.337034225463867, 3.365734100341797]}, "fps": 120}