{"width": 38, "height": 151, "box": {"min": [-5.2419, -7.05623, -1.9313620328903198], "max": [4.983, 16.179441452026367, 11.017983436584473]}, "fps": 120}