{"width": 38, "height": 116, "box": {"min": [-5.2419, -7.05623, -0.40465], "max": [16.062393188476562, 18.725229263305664, 3.007451057434082]}, "fps": 120}