{"width": 38, "height": 195, "box": {"min": [-17.482830047607422, -7.05623, -1.001242995262146], "max": [23.807476043701172, 15.350581169128418, 2.36315]}, "fps": 120}