{"width": 38, "height": 174, "box": {"min": [-5.2419, -7.05623, -11.834556579589844], "max": [9.51144790649414, 16.483983993530273, 2.36315]}, "fps": 120}