{"width": 38, "height": 120, "box": {"min": [-11.589719772338867, -7.05623, -3.583098888397217], "max": [8.99027156829834, 16.09433937072754, 2.36315]}, "fps": 120}