{"width": 38, "height": 25234, "box": {"min": [-22.796100616455078, -7.05623, -101.49675750732422], "max": [28.38420867919922, 20.137073516845703, 78.7043228149414]}, "fps": 120}