{"width": 38, "height": 249, "box": {"min": [-19.00727653503418, -7.05623, -1.3786649703979492], "max": [20.870317459106445, 15.773918151855469, 2.36315]}, "fps": 120}