{"width": 38, "height": 129, "box": {"min": [-5.2419, -7.05623, -14.594385147094727], "max": [8.724388122558594, 16.149751663208008, 2.36315]}, "fps": 120}