{"width": 38, "height": 116, "box": {"min": [-5.2419, -7.05623, -0.40465], "max": [14.471409797668457, 18.917383193969727, 2.6435649394989014]}, "fps": 120}