{"width": 38, "height": 154, "box": {"min": [-12.061561584472656, -7.05623, -2.8892219066619873], "max": [6.435780048370361, 16.478757858276367, 3.794930934906006]}, "fps": 120}