{"width": 38, "height": 158, "box": {"min": [-12.649843215942383, -7.05623, -3.26192307472229], "max": [6.992340087890625, 16.179468154907227, 2.36315]}, "fps": 120}