{"width": 38, "height": 107, "box": {"min": [-5.2419, -7.05623, -0.7957469820976257], "max": [4.983, 18.14767074584961, 2.36315]}, "fps": 120}