{"width": 38, "height": 149, "box": {"min": [-5.2419, -7.05623, -0.40465], "max": [12.917396545410156, 22.628456115722656, 2.36315]}, "fps": 120}