{"width": 38, "height": 326, "box": {"min": [-21.518760681152344, -7.05623, -1.5745079517364502], "max": [23.17186164855957, 17.389671325683594, 3.001193046569824]}, "fps": 120}