{"width": 38, "height": 151, "box": {"min": [-9.874547004699707, -7.05623, -0.40465], "max": [10.400895118713379, 22.466842651367188, 2.36315]}, "fps": 120}