{"width": 38, "height": 231, "box": {"min": [-20.595962524414062, -7.05623, -0.541379988193512], "max": [26.442930221557617, 19.273170471191406, 3.108350992202759]}, "fps": 120}