{"width": 38, "height": 107, "box": {"min": [-5.2419, -7.05623, -0.40465], "max": [4.983, 17.000947952270508, 3.227760076522827]}, "fps": 120}