{"width": 38, "height": 151, "box": {"min": [-11.257328987121582, -7.05623, -3.5081839561462402], "max": [10.431184768676758, 17.43023681640625, 2.36315]}, "fps": 120}