{"width": 38, "height": 76, "box": {"min": [-5.2419, -7.05623, -0.40465], "max": [4.983, 16.862682342529297, 3.337692975997925]}, "fps": 120}