{"width": 38, "height": 90, "box": {"min": [-5.476659774780273, -7.05623, -0.7539219856262207], "max": [4.983, 17.521026611328125, 2.36315]}, "fps": 120}