{"width": 38, "height": 95, "box": {"min": [-9.836581230163574, -7.05623, -1.9312520027160645], "max": [8.684720993041992, 18.869966506958008, 2.402661085128784]}, "fps": 120}