{"width": 38, "height": 150, "box": {"min": [-5.2419, -7.05623, -0.40465], "max": [14.5555419921875, 21.902982711791992, 2.36315]}, "fps": 120}