{"width": 38, "height": 21665, "box": {"min": [-22.77768898010254, -7.05623, -72.61719512939453], "max": [27.85159683227539, 24.02062225341797, 78.59586334228516]}, "fps": 120}