{"width": 38, "height": 91, "box": {"min": [-5.2419, -7.05623, -0.40465], "max": [4.983, 16.9732666015625, 3.6967198848724365]}, "fps": 120}