{"width": 38, "height": 198, "box": {"min": [-19.09659767150879, -7.05623, -1.0385849475860596], "max": [23.15730857849121, 17.53363037109375, 2.36315]}, "fps": 120}