{"width": 38, "height": 231, "box": {"min": [-21.082000732421875, -7.05623, -1.2167470455169678], "max": [27.08547592163086, 19.14019012451172, 3.8816640377044678]}, "fps": 120}