{"width": 38, "height": 75, "box": {"min": [-5.2419, -7.05623, -0.40465], "max": [4.983, 16.959819793701172, 2.9230449199676514]}, "fps": 120}