{"width": 38, "height": 132, "box": {"min": [-10.357654571533203, -7.05623, -6.400904178619385], "max": [12.228062629699707, 17.566450119018555, 2.36315]}, "fps": 120}