{"width": 38, "height": 91, "box": {"min": [-5.2419, -7.05623, -6.95424222946167], "max": [17.90830421447754, 18.90022850036621, 2.36315]}, "fps": 120}