{"width": 38, "height": 137, "box": {"min": [-5.2419, -7.05623, -1.1014360189437866], "max": [5.295090198516846, 17.32714080810547, 11.973593711853027]}, "fps": 120}