{"width": 38, "height": 133, "box": {"min": [-5.2419, -7.05623, -15.376495361328125], "max": [7.721253871917725, 17.58521270751953, 2.36315]}, "fps": 120}