{"width": 38, "height": 134, "box": {"min": [-9.738251686096191, -7.05623, -1.1218509674072266], "max": [11.57450008392334, 17.338743209838867, 4.801464080810547]}, "fps": 120}