{"width": 38, "height": 64, "box": {"min": [-5.2419, -7.05623, -0.40465], "max": [4.983, 16.997690200805664, 2.36315]}, "fps": 120}