{"width": 38, "height": 189, "box": {"min": [-17.10845375061035, -7.05623, -0.8192340135574341], "max": [23.787904739379883, 17.34328842163086, 2.36315]}, "fps": 120}