{"width": 38, "height": 163, "box": {"min": [-5.2419, -7.05623, -0.40465], "max": [23.74448013305664, 17.406110763549805, 3.034980058670044]}, "fps": 120}