{"width": 38, "height": 20, "box": {"min": [-5.2419, -7.05623, -0.6654719710350037], "max": [4.983, 16.355640411376953, 2.36315]}, "fps": 120}