{"width": 38, "height": 197, "box": {"min": [-18.049007415771484, -7.05623, -0.7559409737586975], "max": [23.194332122802734, 17.45263671875, 2.36315]}, "fps": 120}