{"width": 38, "height": 263, "box": {"min": [-20.61302947998047, -7.05623, -1.5490909814834595], "max": [29.645875930786133, 17.54856300354004, 3.6863319873809814]}, "fps": 120}