{"width": 38, "height": 61, "box": {"min": [-5.2419, -7.05623, -0.40465], "max": [4.983, 16.83908462524414, 2.36315]}, "fps": 120}