{"width": 38, "height": 324, "box": {"min": [-19.45743179321289, -7.05623, -0.40465], "max": [27.030492782592773, 17.3745059967041, 3.3673489093780518]}, "fps": 120}