{"width": 38, "height": 338, "box": {"min": [-21.151525497436523, -7.05623, -0.9094359874725342], "max": [25.644683837890625, 17.421140670776367, 2.8332738876342773]}, "fps": 120}