{"width": 38, "height": 160, "box": {"min": [-10.57467269897461, -7.05623, -2.5845398902893066], "max": [10.826969146728516, 17.531917572021484, 4.027857780456543]}, "fps": 120}