{"width": 38, "height": 23304, "box": {"min": [-22.91057014465332, -7.05623, -68.82242584228516], "max": [32.287139892578125, 23.19463539123535, 78.64585876464844]}, "fps": 120}