{"width": 38, "height": 130, "box": {"min": [-10.211029052734375, -7.05623, -7.170125961303711], "max": [11.279967308044434, 17.54544448852539, 2.36315]}, "fps": 120}