{"width": 38, "height": 132, "box": {"min": [-10.663497924804688, -7.05623, -2.213247060775757], "max": [10.320673942565918, 17.286609649658203, 5.0149970054626465]}, "fps": 120}