{"width": 38, "height": 164, "box": {"min": [-7.887932777404785, -7.05623, -2.1544349193573], "max": [12.633838653564453, 17.315025329589844, 4.029272079467773]}, "fps": 120}