{"width": 38, "height": 157, "box": {"min": [-5.2419, -7.05623, -2.2959721088409424], "max": [4.983, 17.334362030029297, 10.178218841552734]}, "fps": 120}