{"width": 38, "height": 55, "box": {"min": [-5.2419, -7.05623, -0.40465], "max": [10.563506126403809, 17.302278518676758, 2.762648105621338]}, "fps": 120}