{"width": 38, "height": 145, "box": {"min": [-5.2419, -7.05623, -0.40465], "max": [15.568720817565918, 21.727468490600586, 2.36315]}, "fps": 120}