{"width": 38, "height": 139, "box": {"min": [-5.2419, -7.05623, -16.50152015686035], "max": [7.577070236206055, 17.45636558532715, 2.36315]}, "fps": 120}