{"width": 38, "height": 106, "box": {"min": [-5.2419, -7.05623, -2.282141923904419], "max": [4.983, 17.424911499023438, 2.36315]}, "fps": 120}