{"width": 38, "height": 153, "box": {"min": [-11.507224082946777, -7.05623, -5.162707805633545], "max": [9.215686798095703, 17.356258392333984, 2.36315]}, "fps": 120}