{"width": 38, "height": 126, "box": {"min": [-9.995306968688965, -7.05623, -4.714876174926758], "max": [11.399537086486816, 17.48310089111328, 2.36315]}, "fps": 120}