{"width": 38, "height": 92, "box": {"min": [-9.300792694091797, -7.05623, -2.4814069271087646], "max": [7.886257171630859, 18.63258171081543, 2.36315]}, "fps": 120}