{"width": 38, "height": 254, "box": {"min": [-19.695587158203125, -7.05623, -1.0822850465774536], "max": [28.197031021118164, 17.384212493896484, 2.9737489223480225]}, "fps": 120}