{"width": 38, "height": 165, "box": {"min": [-10.38169002532959, -7.05623, -0.40465], "max": [10.440017700195312, 22.707683563232422, 2.36315]}, "fps": 120}