{"width": 38, "height": 192, "box": {"min": [-14.615575790405273, -7.05623, -0.40465], "max": [25.275320053100586, 17.464773178100586, 3.1486690044403076]}, "fps": 120}