{"width": 38, "height": 265, "box": {"min": [-20.223148345947266, -7.05623, -1.2189749479293823], "max": [20.82169532775879, 17.502513885498047, 2.36315]}, "fps": 120}