{"width": 38, "height": 161, "box": {"min": [-5.2419, -7.05623, -16.244375228881836], "max": [7.345993995666504, 17.339065551757812, 2.36315]}, "fps": 120}