{"width": 38, "height": 196, "box": {"min": [-16.8917179107666, -7.05623, -0.40465], "max": [23.7265625, 17.346778869628906, 2.5946760177612305]}, "fps": 120}