{"width": 38, "height": 244, "box": {"min": [-20.152475357055664, -7.05623, -1.5295790433883667], "max": [19.371957778930664, 17.302480697631836, 2.36315]}, "fps": 120}