{"width": 38, "height": 342, "box": {"min": [-21.453983306884766, -7.05623, -0.5127599835395813], "max": [26.2232666015625, 17.386459350585938, 2.8817760944366455]}, "fps": 120}