{"width": 38, "height": 105, "box": {"min": [-5.2419, -7.05623, -3.5440831184387207], "max": [4.983, 17.531156539916992, 2.36315]}, "fps": 120}