{"width": 38, "height": 221, "box": {"min": [-20.884952545166016, -7.05623, -0.40465], "max": [25.534509658813477, 19.423677444458008, 2.36315]}, "fps": 120}