{"width": 38, "height": 162, "box": {"min": [-10.996395111083984, -7.05623, -0.40465], "max": [26.5642032623291, 18.81877326965332, 2.671082019805908]}, "fps": 120}