{"width": 38, "height": 334, "box": {"min": [-21.425737380981445, -7.05623, -1.829651951789856], "max": [27.374820709228516, 17.348451614379883, 2.36315]}, "fps": 120}