{"width": 38, "height": 156, "box": {"min": [-10.909626007080078, -7.05623, -2.4786500930786133], "max": [10.500433921813965, 17.37110710144043, 2.36315]}, "fps": 120}