{"width": 38, "height": 253, "box": {"min": [-22.274826049804688, -7.05623, -0.7799460291862488], "max": [25.517641067504883, 17.512100219726562, 2.5364599227905273]}, "fps": 120}