{"width": 38, "height": 153, "box": {"min": [-9.950156211853027, -7.05623, -3.389112949371338], "max": [11.972241401672363, 17.411569595336914, 2.36315]}, "fps": 120}