{"width": 38, "height": 123, "box": {"min": [-5.2419, -7.05623, -3.1856369972229004], "max": [4.983, 17.3801212310791, 2.36315]}, "fps": 120}