{"width": 38, "height": 156, "box": {"min": [-5.2419, -7.05623, -15.452736854553223], "max": [8.398709297180176, 17.23762321472168, 2.36315]}, "fps": 120}