{"width": 38, "height": 1, "box": {"min": [-5.2419, -7.05623, -0.40465], "max": [4.983, 2.04885, 2.36315]}, "fps": 24}