{"width": 38, "height": 32500, "box": {"min": [-23.50016975402832, -7.05623, -63.18230056762695], "max": [26.286285400390625, 21.553808212280273, 74.41179656982422]}, "fps": 120}