{"width": 38, "height": 30122, "box": {"min": [-23.603153228759766, -7.05623, -63.228294372558594], "max": [25.853225708007812, 21.90508460998535, 74.63168334960938]}, "fps": 120}