{"width": 38, "height": 277, "box": {"min": [-18.914440155029297, -7.05623, -0.40465], "max": [23.9439697265625, 17.15334701538086, 2.407167911529541]}, "fps": 120}