{"width": 38, "height": 100, "box": {"min": [-11.072493553161621, -7.05623, -0.8120269775390625], "max": [8.536499977111816, 17.1979923248291, 6.081648826599121]}, "fps": 120}