{"width": 38, "height": 157, "box": {"min": [-8.966890335083008, -7.05623, -6.404620170593262], "max": [11.775797843933105, 17.381072998046875, 2.36315]}, "fps": 120}