{"width": 38, "height": 249, "box": {"min": [-22.197603225708008, -7.05623, -0.40465], "max": [13.452975273132324, 17.56414031982422, 2.36315]}, "fps": 120}