{"width": 38, "height": 158, "box": {"min": [-21.74301528930664, -7.05623, -0.40465], "max": [13.575200080871582, 18.0009822845459, 2.36315]}, "fps": 120}