{"width": 38, "height": 116, "box": {"min": [-10.744888305664062, -7.05623, -0.7301390171051025], "max": [18.03505516052246, 17.937297821044922, 2.36315]}, "fps": 120}