{"width": 38, "height": 146, "box": {"min": [-6.079503059387207, -7.05623, -0.6011059880256653], "max": [13.728084564208984, 22.01019859313965, 2.36315]}, "fps": 120}