{"width": 38, "height": 118, "box": {"min": [-5.2419, -7.05623, -15.641918182373047], "max": [8.371415138244629, 17.249324798583984, 2.36315]}, "fps": 120}