{"width": 38, "height": 139, "box": {"min": [-5.2419, -7.05623, -0.40465], "max": [4.983, 17.610599517822266, 2.5374341011047363]}, "fps": 120}