{"width": 38, "height": 65, "box": {"min": [-5.2419, -7.05623, -5.259756088256836], "max": [9.733627319335938, 18.090669631958008, 2.36315]}, "fps": 120}