{"width": 38, "height": 176, "box": {"min": [-11.563316345214844, -7.05623, -1.1403939723968506], "max": [27.41634750366211, 18.271953582763672, 2.36315]}, "fps": 120}