{"width": 38, "height": 79, "box": {"min": [-5.2419, -7.05623, -0.9986209869384766], "max": [15.10127067565918, 18.3091983795166, 7.41542387008667]}, "fps": 120}