{"width": 38, "height": 140, "box": {"min": [-5.2419, -7.05623, -1.1477429866790771], "max": [4.983, 17.58980941772461, 2.36315]}, "fps": 120}