{"width": 38, "height": 252, "box": {"min": [-18.273113250732422, -7.05623, -0.40465], "max": [24.346759796142578, 17.24787712097168, 2.8089969158172607]}, "fps": 120}