{"width": 38, "height": 64, "box": {"min": [-9.1498441696167, -7.05623, -4.061635971069336], "max": [4.983, 17.870067596435547, 2.36315]}, "fps": 120}