{"width": 38, "height": 233, "box": {"min": [-23.183061599731445, -7.05623, -0.40465], "max": [12.480548858642578, 17.589597702026367, 2.4562509059906006]}, "fps": 120}