{"width": 38, "height": 159, "box": {"min": [-5.2419, -7.05623, -0.40465], "max": [6.695443153381348, 17.26339340209961, 14.454522132873535]}, "fps": 120}