{"width": 38, "height": 181, "box": {"min": [-18.06019401550293, -7.05623, -0.9000459909439087], "max": [26.200353622436523, 17.2745304107666, 2.768678903579712]}, "fps": 120}