{"width": 38, "height": 258, "box": {"min": [-11.609771728515625, -7.05623, -0.6790440082550049], "max": [23.262451171875, 17.452598571777344, 2.36315]}, "fps": 120}