{"width": 38, "height": 140, "box": {"min": [-5.2419, -7.05623, -0.40465], "max": [17.508970260620117, 21.745866775512695, 2.36315]}, "fps": 120}