{"width": 38, "height": 152, "box": {"min": [-5.2419, -7.05623, -0.5634580254554749], "max": [4.983, 17.176477432250977, 16.595191955566406]}, "fps": 120}