{"width": 38, "height": 61, "box": {"min": [-5.2419, -7.05623, -5.1397809982299805], "max": [11.31795597076416, 17.910289764404297, 2.36315]}, "fps": 120}