{"width": 38, "height": 106, "box": {"min": [-10.897315979003906, -7.05623, -0.5342890024185181], "max": [9.815135955810547, 17.265960693359375, 5.15922212600708]}, "fps": 120}