{"width": 38, "height": 156, "box": {"min": [-9.568570137023926, -7.05623, -6.451679229736328], "max": [12.744500160217285, 17.369253158569336, 2.36315]}, "fps": 120}