{"width": 38, "height": 133, "box": {"min": [-11.56430721282959, -7.05623, -2.5887598991394043], "max": [9.6884183883667, 17.30023765563965, 4.348651885986328]}, "fps": 120}