{"width": 38, "height": 154, "box": {"min": [-12.110504150390625, -7.05623, -0.950747013092041], "max": [8.228876113891602, 17.31010627746582, 3.1992061138153076]}, "fps": 120}