{"width": 38, "height": 144, "box": {"min": [-5.728487968444824, -7.05623, -0.40465], "max": [16.30257225036621, 21.566890716552734, 2.36315]}, "fps": 120}