{"width": 38, "height": 79, "box": {"min": [-5.2419, -7.05623, -0.40465], "max": [4.983, 17.490163803100586, 2.36315]}, "fps": 120}