{"width": 38, "height": 120, "box": {"min": [-5.2419, -7.05623, -15.651870727539062], "max": [8.317583084106445, 17.205839157104492, 2.36315]}, "fps": 120}