{"width": 38, "height": 135, "box": {"min": [-5.2419, -7.05623, -0.40465], "max": [21.81837272644043, 21.617530822753906, 2.36315]}, "fps": 120}