{"width": 38, "height": 182, "box": {"min": [-19.068559646606445, -7.05623, -1.0623830556869507], "max": [20.22945213317871, 17.525541305541992, 2.36315]}, "fps": 120}