{"width": 38, "height": 136, "box": {"min": [-5.2419, -7.05623, -0.40465], "max": [4.983, 17.57115364074707, 2.9988980293273926]}, "fps": 120}