{"width": 38, "height": 128, "box": {"min": [-5.2419, -7.05623, -0.40465], "max": [24.14031410217285, 21.11867904663086, 2.36315]}, "fps": 120}