{"width": 38, "height": 67, "box": {"min": [-5.2419, -7.05623, -0.40465], "max": [13.014967918395996, 18.204069137573242, 6.093286991119385]}, "fps": 120}