{"width": 38, "height": 137, "box": {"min": [-5.2419, -7.05623, -0.40465], "max": [4.983, 17.717758178710938, 2.708693027496338]}, "fps": 120}