{"width": 38, "height": 148, "box": {"min": [-5.2419, -7.05623, -0.42794400453567505], "max": [4.983, 17.636302947998047, 2.36315]}, "fps": 120}