{"width": 38, "height": 178, "box": {"min": [-19.01876449584961, -7.05623, -0.488290011882782], "max": [24.25965118408203, 17.191434860229492, 2.36315]}, "fps": 120}