{"width": 38, "height": 281, "box": {"min": [-21.0927791595459, -7.05623, -0.68299800157547], "max": [21.544967651367188, 17.232851028442383, 2.36315]}, "fps": 120}