{"width": 38, "height": 139, "box": {"min": [-5.2419, -7.05623, -0.6304910182952881], "max": [4.983, 17.63542366027832, 2.36315]}, "fps": 120}