{"width": 38, "height": 188, "box": {"min": [-19.952585220336914, -7.05623, -0.4198629856109619], "max": [22.733274459838867, 17.22140884399414, 2.36315]}, "fps": 120}