{"width": 38, "height": 77, "box": {"min": [-5.2419, -7.05623, -0.40465], "max": [10.683687210083008, 17.690013885498047, 2.36315]}, "fps": 120}