{"width": 38, "height": 164, "box": {"min": [-9.162484169006348, -7.05623, -7.197522163391113], "max": [13.499767303466797, 17.519065856933594, 2.36315]}, "fps": 120}