{"width": 38, "height": 251, "box": {"min": [-19.178207397460938, -7.05623, -0.40465], "max": [24.965269088745117, 17.212961196899414, 3.06215500831604]}, "fps": 120}