{"width": 38, "height": 133, "box": {"min": [-5.2419, -7.05623, -0.40465], "max": [4.983, 17.784461975097656, 3.267925977706909]}, "fps": 120}