{"width": 38, "height": 117, "box": {"min": [-5.2419, -7.05623, -0.40465], "max": [22.582122802734375, 21.395212173461914, 2.36315]}, "fps": 120}