{"width": 38, "height": 118, "box": {"min": [-9.650068283081055, -7.05623, -5.067451000213623], "max": [12.358626365661621, 17.31046485900879, 2.36315]}, "fps": 120}