{"width": 38, "height": 77, "box": {"min": [-5.2419, -7.05623, -0.40465], "max": [14.401097297668457, 18.141895294189453, 7.759653091430664]}, "fps": 120}