{"width": 38, "height": 162, "box": {"min": [-5.2419, -7.05623, -15.227066040039062], "max": [8.574033737182617, 17.274513244628906, 2.36315]}, "fps": 120}