{"width": 38, "height": 177, "box": {"min": [-20.733867645263672, -7.05623, -0.40465], "max": [24.08203887939453, 17.267122268676758, 2.383754014968872]}, "fps": 120}