{"width": 38, "height": 147, "box": {"min": [-5.2419, -7.05623, -0.40465], "max": [6.015316963195801, 17.232433319091797, 13.719327926635742]}, "fps": 120}