{"width": 38, "height": 251, "box": {"min": [-20.72169303894043, -7.05623, -1.0000859498977661], "max": [28.156299591064453, 17.548612594604492, 2.36315]}, "fps": 120}