{"width": 38, "height": 126, "box": {"min": [-5.2419, -7.05623, -1.2630079984664917], "max": [4.983, 17.602441787719727, 2.36315]}, "fps": 120}