{"width": 38, "height": 65, "box": {"min": [-5.2419, -7.05623, -1.9460309743881226], "max": [4.983, 17.236125946044922, 2.36315]}, "fps": 120}