{"width": 38, "height": 114, "box": {"min": [-5.2419, -7.05623, -15.209268569946289], "max": [7.161794185638428, 17.20370864868164, 2.36315]}, "fps": 120}