{"width": 38, "height": 227, "box": {"min": [-8.615163803100586, -7.05623, -1.4364540576934814], "max": [27.877527236938477, 17.524089813232422, 2.7880489826202393]}, "fps": 120}