{"width": 38, "height": 85, "box": {"min": [-5.2419, -7.05623, -0.40465], "max": [10.010261535644531, 17.076087951660156, 2.36315]}, "fps": 120}