{"width": 38, "height": 145, "box": {"min": [-10.916327476501465, -7.05623, -2.243527889251709], "max": [8.125377655029297, 17.31010627746582, 2.36315]}, "fps": 120}