{"width": 38, "height": 12817, "box": {"min": [-22.209285736083984, -7.05623, -67.21784973144531], "max": [38.20134735107422, 20.772682189941406, 77.76026916503906]}, "fps": 120}