{"width": 38, "height": 14281, "box": {"min": [-32.42658233642578, -7.05623, -67.27204132080078], "max": [33.178749084472656, 21.084808349609375, 76.6135482788086]}, "fps": 120}