{"width": 38, "height": 23206, "box": {"min": [-37.12310028076172, -7.05623, -44.57619857788086], "max": [38.68262481689453, 23.273326873779297, 92.14796447753906]}, "fps": 120}