{"width": 38, "height": 22166, "box": {"min": [-27.943965911865234, -7.05623, -61.912139892578125], "max": [30.53541374206543, 23.189695358276367, 75.3151626586914]}, "fps": 120}