{"width": 38, "height": 102, "box": {"min": [-10.675250053405762, -7.05623, -0.7559700012207031], "max": [9.275664329528809, 17.032278060913086, 4.402006149291992]}, "fps": 120}