{"width": 38, "height": 155, "box": {"min": [-5.2419, -7.05623, -1.5720750093460083], "max": [4.983, 16.956890106201172, 15.821660041809082]}, "fps": 120}