{"width": 38, "height": 37, "box": {"min": [-5.2419, -7.05623, -0.40465], "max": [4.983, 17.19771957397461, 3.785159111022949]}, "fps": 120}