{"width": 38, "height": 296, "box": {"min": [-16.443790435791016, -7.05623, -0.40465], "max": [27.67667007446289, 17.366161346435547, 3.2402589321136475]}, "fps": 120}