{"width": 38, "height": 128, "box": {"min": [-10.236771583557129, -7.05623, -1.748518943786621], "max": [10.796296119689941, 17.263019561767578, 4.9351019859313965]}, "fps": 120}