{"width": 38, "height": 22756, "box": {"min": [-21.76943588256836, -7.05623, -72.02897644042969], "max": [28.12476921081543, 23.492055892944336, 78.04505920410156]}, "fps": 120}