{"width": 38, "height": 69, "box": {"min": [-5.2419, -7.05623, -6.411107063293457], "max": [10.942651748657227, 17.675369262695312, 2.36315]}, "fps": 120}