{"width": 38, "height": 129, "box": {"min": [-5.2419, -7.05623, -3.3837289810180664], "max": [4.983, 17.172866821289062, 2.36315]}, "fps": 120}