{"width": 38, "height": 356, "box": {"min": [-21.378074645996094, -7.05623, -0.40465], "max": [20.878995895385742, 17.37042808532715, 2.9463729858398438]}, "fps": 120}