{"width": 38, "height": 191, "box": {"min": [-10.954821586608887, -7.05623, -1.6846840381622314], "max": [29.0982666015625, 18.174850463867188, 2.36315]}, "fps": 120}