{"width": 38, "height": 101, "box": {"min": [-7.9427170753479, -7.05623, -5.938048839569092], "max": [13.920201301574707, 17.089801788330078, 2.36315]}, "fps": 120}