{"width": 38, "height": 89, "box": {"min": [-9.699015617370605, -7.05623, -3.9356350898742676], "max": [10.793071746826172, 16.94025230407715, 2.36315]}, "fps": 120}