{"width": 38, "height": 184, "box": {"min": [-20.472379684448242, -7.05623, -2.766084909439087], "max": [24.693323135375977, 16.714872360229492, 2.36315]}, "fps": 120}