{"width": 38, "height": 127, "box": {"min": [-5.2419, -7.05623, -0.40465], "max": [10.970939636230469, 20.12253189086914, 2.36315]}, "fps": 120}