{"width": 38, "height": 280, "box": {"min": [-21.58732032775879, -7.05623, -0.947475016117096], "max": [21.295061111450195, 17.111175537109375, 2.36315]}, "fps": 120}