{"width": 38, "height": 110, "box": {"min": [-11.677051544189453, -7.05623, -2.2676219940185547], "max": [4.983, 16.620159149169922, 6.723323822021484]}, "fps": 120}