{"width": 38, "height": 56, "box": {"min": [-5.2419, -7.05623, -0.40465], "max": [4.983, 18.508806228637695, 2.36315]}, "fps": 120}