{"width": 38, "height": 67, "box": {"min": [-5.2419, -7.05623, -0.7559430003166199], "max": [11.299503326416016, 17.807750701904297, 3.080142021179199]}, "fps": 120}