{"width": 38, "height": 134, "box": {"min": [-11.667847633361816, -7.05623, -1.4532710313796997], "max": [8.747184753417969, 17.223148345947266, 2.4772040843963623]}, "fps": 120}