{"width": 38, "height": 177, "box": {"min": [-20.392812728881836, -7.05623, -0.40465], "max": [24.189659118652344, 16.68095588684082, 4.244962215423584]}, "fps": 120}