{"width": 38, "height": 248, "box": {"min": [-21.21128273010254, -7.05623, -2.701694965362549], "max": [18.829479217529297, 17.175846099853516, 2.36315]}, "fps": 120}