{"width": 38, "height": 260, "box": {"min": [-18.055925369262695, -7.05623, -0.40465], "max": [22.44185447692871, 17.164426803588867, 4.669069766998291]}, "fps": 120}