{"width": 38, "height": 258, "box": {"min": [-17.156204223632812, -7.05623, -0.40465], "max": [25.08768081665039, 17.089006423950195, 4.469126224517822]}, "fps": 120}