{"width": 38, "height": 109, "box": {"min": [-11.497657775878906, -7.05623, -2.2917559146881104], "max": [4.983, 16.644363403320312, 8.78864860534668]}, "fps": 120}