{"width": 38, "height": 167, "box": {"min": [-5.2419, -7.05623, -0.40465], "max": [4.983, 17.164493560791016, 14.8092679977417]}, "fps": 120}