{"width": 38, "height": 131, "box": {"min": [-11.850974082946777, -7.05623, -1.2453739643096924], "max": [9.238232612609863, 17.233993530273438, 3.5692150592803955]}, "fps": 120}