{"width": 38, "height": 212, "box": {"min": [-21.652433395385742, -7.05623, -0.40465], "max": [25.91505241394043, 17.290836334228516, 2.36315]}, "fps": 120}