{"width": 38, "height": 67, "box": {"min": [-5.2419, -7.05623, -0.40465], "max": [14.70009708404541, 17.752994537353516, 5.399055004119873]}, "fps": 120}