{"width": 38, "height": 43, "box": {"min": [-5.2419, -7.05623, -1.9096139669418335], "max": [4.983, 17.09219741821289, 2.36315]}, "fps": 120}