{"width": 38, "height": 22429, "box": {"min": [-26.265979766845703, -7.05623, -73.65133666992188], "max": [28.13482666015625, 24.390708923339844, 79.3238525390625]}, "fps": 120}