{"width": 38, "height": 217, "box": {"min": [-19.4221248626709, -7.05623, -0.4141789972782135], "max": [27.06700325012207, 17.41575813293457, 2.4057528972625732]}, "fps": 120}