{"width": 38, "height": 103, "box": {"min": [-10.374337196350098, -7.05623, -1.537822961807251], "max": [8.792922973632812, 17.184112548828125, 3.7991280555725098]}, "fps": 120}