{"width": 38, "height": 128, "box": {"min": [-5.2419, -7.05623, -0.40465], "max": [4.983, 17.224695205688477, 2.36315]}, "fps": 120}