{"width": 38, "height": 129, "box": {"min": [-5.2419, -7.05623, -2.34352707862854], "max": [4.983, 16.986312866210938, 2.36315]}, "fps": 120}