{"width": 38, "height": 144, "box": {"min": [-5.2419, -7.05623, -15.985007286071777], "max": [8.30998706817627, 17.15662956237793, 2.36315]}, "fps": 120}