{"width": 38, "height": 128, "box": {"min": [-10.800729751586914, -7.05623, -3.955760955810547], "max": [10.59412956237793, 17.38629722595215, 2.36315]}, "fps": 120}