{"width": 38, "height": 147, "box": {"min": [-5.2419, -7.05623, -14.912113189697266], "max": [7.768324851989746, 17.16628074645996, 2.36315]}, "fps": 120}