{"width": 38, "height": 180, "box": {"min": [-20.36441993713379, -7.05623, -3.0012969970703125], "max": [23.44983673095703, 16.972820281982422, 2.36315]}, "fps": 120}