{"width": 38, "height": 181, "box": {"min": [-20.59163475036621, -7.05623, -0.40465], "max": [24.42524528503418, 16.897850036621094, 4.094328880310059]}, "fps": 120}