{"width": 38, "height": 77, "box": {"min": [-5.2419, -7.05623, -0.9866300225257874], "max": [16.04975128173828, 18.017559051513672, 5.551002025604248]}, "fps": 120}