{"width": 38, "height": 68, "box": {"min": [-5.2419, -7.05623, -2.7522640228271484], "max": [9.660412788391113, 18.2774600982666, 2.36315]}, "fps": 120}