{"width": 38, "height": 91, "box": {"min": [-5.2419, -7.05623, -0.40465], "max": [16.35364532470703, 18.156898498535156, 2.36315]}, "fps": 120}