{"width": 38, "height": 96, "box": {"min": [-8.429240226745605, -7.05623, -5.5129241943359375], "max": [13.299773216247559, 17.182859420776367, 2.36315]}, "fps": 120}