{"width": 38, "height": 152, "box": {"min": [-5.2419, -7.05623, -14.694604873657227], "max": [9.117067337036133, 17.279176712036133, 2.36315]}, "fps": 120}