{"width": 38, "height": 148, "box": {"min": [-5.2419, -7.05623, -13.915285110473633], "max": [7.0858988761901855, 17.290523529052734, 2.36315]}, "fps": 120}