{"width": 38, "height": 132, "box": {"min": [-5.2419, -7.05623, -0.40465], "max": [17.374696731567383, 19.639596939086914, 3.320482015609741]}, "fps": 120}