{"width": 38, "height": 108, "box": {"min": [-5.2419, -7.05623, -15.223091125488281], "max": [8.736294746398926, 16.80654525756836, 2.36315]}, "fps": 120}