{"width": 38, "height": 73, "box": {"min": [-5.2419, -7.05623, -0.40465], "max": [7.860876083374023, 17.42378044128418, 2.36315]}, "fps": 120}