{"width": 38, "height": 141, "box": {"min": [-11.461889266967773, -7.05623, -2.2769970893859863], "max": [9.653706550598145, 17.141040802001953, 4.233071804046631]}, "fps": 120}