{"width": 38, "height": 137, "box": {"min": [-10.823708534240723, -7.05623, -4.32932186126709], "max": [9.755926132202148, 17.4172306060791, 2.36315]}, "fps": 120}