{"width": 38, "height": 184, "box": {"min": [-22.401355743408203, -7.05623, -0.40465], "max": [17.039735794067383, 17.97995948791504, 2.5822250843048096]}, "fps": 120}