{"width": 38, "height": 121, "box": {"min": [-5.2419, -7.05623, -0.40465], "max": [18.612873077392578, 19.716108322143555, 2.486407995223999]}, "fps": 120}