{"width": 38, "height": 136, "box": {"min": [-5.2419, -7.05623, -2.8181700706481934], "max": [4.983, 16.970043182373047, 2.36315]}, "fps": 120}