{"width": 38, "height": 146, "box": {"min": [-5.2419, -7.05623, -0.40465], "max": [4.983, 17.01924705505371, 14.005788803100586]}, "fps": 120}