{"width": 38, "height": 73, "box": {"min": [-5.2419, -7.05623, -0.40465], "max": [12.946099281311035, 18.019329071044922, 6.644948959350586]}, "fps": 120}