{"width": 38, "height": 297, "box": {"min": [-16.130029678344727, -7.05623, -0.40465], "max": [28.10373878479004, 17.366161346435547, 3.2402589321136475]}, "fps": 120}