{"width": 38, "height": 88, "box": {"min": [-5.2419, -7.05623, -0.40465], "max": [4.983, 17.473878860473633, 2.36315]}, "fps": 120}