{"width": 38, "height": 123, "box": {"min": [-5.2419, -7.05623, -0.40465], "max": [4.983, 16.673629760742188, 15.917255401611328]}, "fps": 120}