{"width": 38, "height": 228, "box": {"min": [-11.921137809753418, -7.05623, -1.3580600023269653], "max": [19.434404373168945, 17.375091552734375, 2.36315]}, "fps": 120}