{"width": 38, "height": 109, "box": {"min": [-10.704015731811523, -7.05623, -2.6378719806671143], "max": [8.762652397155762, 17.001853942871094, 4.852991104125977]}, "fps": 120}