{"width": 38, "height": 331, "box": {"min": [-15.565756797790527, -7.05623, -0.40465], "max": [26.9722957611084, 17.384971618652344, 4.500771999359131]}, "fps": 120}