{"width": 38, "height": 121, "box": {"min": [-5.2419, -7.05623, -2.727699041366577], "max": [4.983, 17.194055557250977, 2.36315]}, "fps": 120}