{"width": 38, "height": 246, "box": {"min": [-22.12356948852539, -7.05623, -2.6211678981781006], "max": [25.13448143005371, 17.570959091186523, 2.807158946990967]}, "fps": 120}