{"width": 38, "height": 106, "box": {"min": [-8.178953170776367, -7.05623, -5.998703956604004], "max": [13.503174781799316, 17.23647689819336, 2.36315]}, "fps": 120}