{"width": 38, "height": 175, "box": {"min": [-20.53485107421875, -7.05623, -0.40465], "max": [16.908798217773438, 18.348918914794922, 2.36315]}, "fps": 120}