{"width": 38, "height": 91, "box": {"min": [-5.2419, -7.05623, -0.40465], "max": [4.983, 17.42854118347168, 2.36315]}, "fps": 120}