{"width": 38, "height": 135, "box": {"min": [-10.632670402526855, -7.05623, -3.650585889816284], "max": [10.291417121887207, 17.25591278076172, 2.36315]}, "fps": 120}