{"width": 38, "height": 123, "box": {"min": [-5.2419, -7.05623, -15.95075511932373], "max": [9.007645606994629, 16.918670654296875, 2.36315]}, "fps": 120}