{"width": 38, "height": 106, "box": {"min": [-5.2419, -7.05623, -0.40465], "max": [4.983, 17.32734489440918, 2.36315]}, "fps": 120}