{"width": 38, "height": 141, "box": {"min": [-11.796425819396973, -7.05623, -2.51985502243042], "max": [9.80463981628418, 17.377864837646484, 2.36315]}, "fps": 120}