{"width": 38, "height": 229, "box": {"min": [-19.558074951171875, -7.05623, -0.7989050149917603], "max": [27.86362075805664, 18.138408660888672, 2.36315]}, "fps": 120}