{"width": 38, "height": 23865, "box": {"min": [-24.205129623413086, -7.05623, -72.40032958984375], "max": [29.409469604492188, 21.72827911376953, 80.077880859375]}, "fps": 120}