{"width": 38, "height": 21418, "box": {"min": [-23.05876350402832, -7.05623, -73.19176483154297], "max": [27.5648136138916, 22.487611770629883, 85.7979736328125]}, "fps": 120}