{"width": 38, "height": 278, "box": {"min": [-28.985457010461225, -7.05623, -9.13774193591343], "max": [25.811375454240952, 24.96955946354273, 7.68481748932699]}, "fps": 120}