{"width": 38, "height": 20760, "box": {"min": [-27.658790964036537, -7.05623, -70.73661544347422], "max": [36.198003050248744, 28.932399672624474, 81.71329101456021]}, "fps": 120}