{"width": 38, "height": 23934, "box": {"min": [-41.758474939879626, -7.05623, -47.44095135026859], "max": [47.0027338256487, 33.36434708999893, 90.96244769698234]}, "fps": 120}