{"width": 38, "height": 19870, "box": {"min": [-30.240187205259662, -7.05623, -83.00181373526395], "max": [36.10759805493076, 32.883247157539486, 91.47201366162935]}, "fps": 120}