{"width": 38, "height": 25234, "box": {"min": [-28.159943653291812, -7.05623, -105.22684245670962], "max": [35.6618093424121, 27.559224134081177, 87.57455015562803]}, "fps": 120}