{"width": 38, "height": 21908, "box": {"min": [-32.89967776519562, -7.05623, -68.30650739527984], "max": [39.324169392699694, 30.96610535256805, 91.3582765779422]}, "fps": 30.0}