{"width": 38, "height": 84, "box": {"min": [-8.572135509398485, -0.43792942977960836, -2.9478225590723386], "max": [6.98003986454243, 26.21290556213306, 6.642400240127817]}, "fps": 120}