{"width": 38, "height": 220, "box": {"min": [-26.865311474337755, -0.41100037072780926, -5.657856892753481], "max": [34.84271401781908, 24.90218471463096, 8.649069017157418]}, "fps": 120}