{"width": 38, "height": 179, "box": {"min": [-29.834245263313612, -0.489566902100516, -9.698178143934747], "max": [35.3130009533084, 25.131232705280624, 8.62720727863928]}, "fps": 120}