{"width": 38, "height": 79, "box": {"min": [-12.247205573367081, -0.4578859983720145, -3.5673539444679787], "max": [3.2458968981114986, 26.682800449444297, 6.458540856560976]}, "fps": 120}