{"width": 38, "height": 144, "box": {"min": [-16.193705061564962, -0.42069161719625225, -17.98945828304991], "max": [11.437322459604014, 24.72637482307835, 6.157366044870315]}, "fps": 120}