{"width": 38, "height": 92, "box": {"min": [-9.361677983537893, -0.4389534019325838, -3.3976666772084423], "max": [6.171488802315723, 26.876955870771305, 6.132353583795321]}, "fps": 120}