{"width": 38, "height": 133, "box": {"min": [-29.346664418818598, -0.38212071894221733, -5.7725263808821525], "max": [20.53575505635781, 24.95259831855966, 4.250433334304189]}, "fps": 120}