{"width": 38, "height": 121, "box": {"min": [-28.93161069128573, -0.5007788939112694, -7.937583934762113], "max": [14.099149088458313, 24.843822288200133, 6.233095274740796]}, "fps": 120}