{"width": 38, "height": 212, "box": {"min": [-29.26680510284534, -0.404709229835978, -7.436964559623931], "max": [33.8807930135686, 25.022037621650828, 9.183927906344268]}, "fps": 120}