{"width": 38, "height": 72, "box": {"min": [-11.723428516812104, -0.45348681134939295, -3.269070090803487], "max": [3.925664198734917, 27.648007195241167, 6.071412285467286]}, "fps": 120}