{"width": 38, "height": 162, "box": {"min": [-18.82201808382835, -0.09920236453851083, -9.736937603480978], "max": [7.851920486818228, 24.725462004849156, 15.450066487254496]}, "fps": 120}