{"width": 38, "height": 204, "box": {"min": [-27.273771169173365, -0.332336819667012, -6.643837541387748], "max": [34.11313874733659, 24.911703022553716, 10.674827904006431]}, "fps": 120}