{"width": 38, "height": 132, "box": {"min": [-15.083694116616812, -0.3785690182543935, -8.02744528132208], "max": [7.436583444781171, 24.82342579396776, 6.409733936462022]}, "fps": 120}