{"width": 38, "height": 125, "box": {"min": [-14.267095540489988, -0.18152177098197586, -7.3329346452963335], "max": [9.691956975745779, 24.643717701002974, 18.84830861835452]}, "fps": 120}