{"width": 38, "height": 128, "box": {"min": [-15.961664236093796, -0.21065033631365981, -10.014715159389933], "max": [18.664554580872476, 24.92668262970026, 13.01290441937175]}, "fps": 120}