{"width": 38, "height": 271, "box": {"min": [-18.813820677214007, -0.29510310093905123, -5.5253707552436], "max": [35.36203906135963, 24.954231031140495, 10.845160777562008]}, "fps": 120}