{"width": 38, "height": 63, "box": {"min": [-3.8431059088173725, -0.4682809676062769, -5.399320638711412], "max": [17.19789534666014, 24.953162184866056, 8.900317464168687]}, "fps": 120}