{"width": 38, "height": 67, "box": {"min": [-4.851819151203216, -0.5265787335143666, -13.538016876571632], "max": [23.284271649762037, 23.863404354203254, 6.083695078788835]}, "fps": 120}