{"width": 38, "height": 70, "box": {"min": [-12.048456247158713, -0.45505922795334064, -3.8208716908304177], "max": [3.9114790366810257, 28.28401007816534, 6.572129397595553]}, "fps": 120}