{"width": 38, "height": 66, "box": {"min": [-4.586361986065174, -0.38960832016331215, -4.286138218369129], "max": [20.591527909283524, 24.566662377238238, 14.907480744858908]}, "fps": 120}