{"width": 38, "height": 141, "box": {"min": [-17.497603381437322, -0.3518939150581578, -11.562503471546888], "max": [21.52182888917354, 24.73490289099059, 4.666240944479117]}, "fps": 120}