{"width": 38, "height": 137, "box": {"min": [-3.4551028175406047, -0.5736534870199379, -8.005715327069273], "max": [19.248180832159914, 27.901809114321704, 10.166060464053807]}, "fps": 120}