{"width": 38, "height": 83, "box": {"min": [-11.354501350125187, -0.42668264804582323, -3.7546950696024215], "max": [4.372535913954368, 28.242441698591954, 5.947585108740539]}, "fps": 120}