{"width": 38, "height": 226, "box": {"min": [-30.000288245061544, -0.39292538107882236, -6.945985113954984], "max": [32.909731680245365, 24.872409215889604, 8.733516007236712]}, "fps": 120}