{"width": 38, "height": 122, "box": {"min": [-29.648165833622173, -0.4688121267732255, -8.152952113614523], "max": [13.231026105250159, 24.635032033037934, 6.59904591225258]}, "fps": 120}