{"width": 38, "height": 155, "box": {"min": [-18.484399781976485, -0.1902492609384241, -8.759480775974236], "max": [19.609661339097233, 24.882228831300072, 11.813185485656765]}, "fps": 120}