{"width": 38, "height": 72, "box": {"min": [-4.623055681131342, -0.546898246010664, -14.92062628755395], "max": [22.085879523442735, 24.558350258542607, 2.9486379668407383]}, "fps": 120}