{"width": 38, "height": 119, "box": {"min": [-18.09413698029522, -0.4003727999069828, -3.8363926815833453], "max": [33.75057414708096, 24.360695105189706, 7.249183258184053]}, "fps": 120}