{"width": 38, "height": 19, "box": {"min": [-4.1492139835898705, -0.5385929113862453, -6.711584108650345], "max": [4.447053106810519, 24.564238518037044, 5.57313945762659]}, "fps": 120}