{"width": 38, "height": 69, "box": {"min": [-5.7973732122484485, -0.5438774303201563, -10.327527720080345], "max": [21.728270846607206, 24.62195334371142, 3.711527126289285]}, "fps": 120}