{"width": 38, "height": 104, "box": {"min": [-29.623544940303457, -0.1935101330404907, -9.371611434548027], "max": [8.707040124742026, 24.433906675991732, 8.061587698423283]}, "fps": 120}