{"width": 38, "height": 149, "box": {"min": [-13.929410382099666, -0.3462309417930708, -7.4581918119918855], "max": [7.875622297573678, 24.802879756221802, 6.62294884382543]}, "fps": 120}