{"width": 38, "height": 68, "box": {"min": [-2.822603660216468, -0.38998993203652055, -5.827195919039838], "max": [15.970544432160109, 23.88065079021982, 9.224183443492528]}, "fps": 120}