{"width": 38, "height": 163, "box": {"min": [-9.157147848563728, -0.14366681483699617, -8.454850705797655], "max": [14.550131583409916, 24.82087551641318, 18.491823734700144]}, "fps": 120}