{"width": 38, "height": 177, "box": {"min": [-29.2907073490358, -0.47912240553246943, -9.410791164600273], "max": [34.29514722876565, 24.9967449572339, 7.940451127549188]}, "fps": 120}