{"width": 38, "height": 143, "box": {"min": [-14.855288207664445, -0.2929098644929886, -3.990649832132626], "max": [6.625456786100145, 24.48064450367015, 11.160030640687449]}, "fps": 120}