{"width": 38, "height": 68, "box": {"min": [-11.29543986771403, -0.44185675986164785, -3.8771558625244413], "max": [4.425484478878905, 27.99185849996846, 5.711205041033718]}, "fps": 120}