{"width": 38, "height": 201, "box": {"min": [-26.1337737776558, -0.39164569261344084, -5.184674633400359], "max": [35.297705695821534, 25.076169953581466, 11.56230868834094]}, "fps": 120}