{"width": 38, "height": 78, "box": {"min": [-8.557566648881517, -0.3959842032942027, -3.2539309271710746], "max": [7.114175209301106, 28.48265950677289, 5.623618705580982]}, "fps": 120}