{"width": 38, "height": 141, "box": {"min": [-18.382006069746993, -0.3734660825623852, -14.665919016537645], "max": [11.221434691202262, 24.833543987791018, 7.074031138933293]}, "fps": 120}