{"width": 38, "height": 183, "box": {"min": [-29.86588069478059, -0.3763020449655853, -6.677438450452], "max": [34.507669098960825, 24.860038266056527, 10.518885463580233]}, "fps": 120}