{"width": 38, "height": 78, "box": {"min": [-11.640153160375055, -0.46914170794000754, -3.144432645311902], "max": [3.9825711786482167, 27.288014944426017, 6.234659925334319]}, "fps": 120}