{"width": 38, "height": 211, "box": {"min": [-24.901323982922847, -0.31926303427536307, -6.606317121020351], "max": [34.05845722044514, 25.881425362546867, 10.188426364302993]}, "fps": 120}