{"width": 38, "height": 71, "box": {"min": [-6.151052655761915, -0.1301171616071033, -4.768246490127126], "max": [8.255565656031695, 29.243934690274678, 5.032583732588909]}, "fps": 120}