{"width": 38, "height": 79, "box": {"min": [-5.2378913021989515, -0.22855038161368169, -4.331049678600743], "max": [7.543337548410624, 28.92964887429576, 5.931390089399507]}, "fps": 120}