{"width": 38, "height": 75, "box": {"min": [-6.278075287409834, -0.14148595538574738, -5.384248834941349], "max": [8.310929784399985, 29.957137570439627, 6.6456942268325685]}, "fps": 120}