{"width": 38, "height": 75, "box": {"min": [-1.2454818886487828, -0.4998793767011016, -6.802981747171753], "max": [17.589089532381468, 23.44880439872472, 10.240308171741871]}, "fps": 120}