{"width": 38, "height": 71, "box": {"min": [-15.035442950373984, -0.08781941419351069, -12.013359809436729], "max": [17.501469558843926, 25.63151893909755, 4.720708038047574]}, "fps": 120}