{"width": 38, "height": 143, "box": {"min": [-17.332194297436384, -0.26888816229607704, -9.42737410541536], "max": [31.45364257541251, 25.493724623796233, 7.923438350224498]}, "fps": 120}