{"width": 38, "height": 175, "box": {"min": [-3.529772568105786, -0.6600535233185261, -7.922654505686288], "max": [17.281307773061418, 28.37115576458709, 8.510785648374922]}, "fps": 120}