{"width": 38, "height": 97, "box": {"min": [-16.658450956973155, -0.10092578293323495, -7.585602608702018], "max": [13.282112283732593, 25.020094939486892, 10.627922238637701]}, "fps": 120}