{"width": 38, "height": 140, "box": {"min": [-10.110190820028475, -0.05211066106801521, -7.566113070773345], "max": [10.779250474911711, 25.101226842365254, 14.932364775172292]}, "fps": 120}