{"width": 38, "height": 125, "box": {"min": [-11.416201050448025, -0.3345933518767015, -15.619253812116764], "max": [14.99081339722925, 25.10808679700671, 8.675471455004748]}, "fps": 120}