{"width": 38, "height": 167, "box": {"min": [-23.53420359437994, -0.33847092067947326, -6.584490662858913], "max": [34.78323519842071, 27.825493795222, 8.269652118499494]}, "fps": 120}