{"width": 38, "height": 60, "box": {"min": [-7.716497822341658, -0.38579311310671127, -14.001532851270213], "max": [20.493985670699868, 25.210673468145174, 5.468038072913516]}, "fps": 120}