{"width": 38, "height": 95, "box": {"min": [-8.845455259149114, -0.11737240823885131, -6.88926129559298], "max": [17.967232804775836, 25.09867795761857, 12.208601108230896]}, "fps": 120}