{"width": 38, "height": 100, "box": {"min": [-6.703349177224142, -0.15038147478896813, -4.500243400311091], "max": [8.195796950709571, 29.258358157511434, 4.961340185924607]}, "fps": 120}