{"width": 38, "height": 133, "box": {"min": [-11.827667509853793, -0.30604061509252745, -12.603582987624858], "max": [12.864690609165116, 25.272271278597565, 6.571522884509294]}, "fps": 120}