{"width": 38, "height": 77, "box": {"min": [-6.281027366779204, -0.13927116189977107, -4.515087175782897], "max": [8.31556231407952, 28.7453436837644, 4.388924088914059]}, "fps": 120}