{"width": 38, "height": 107, "box": {"min": [-7.129759497863764, -0.2963063741745676, -16.410899343566104], "max": [13.489820903638574, 24.928849878113454, 7.589648171978478]}, "fps": 120}