{"width": 38, "height": 87, "box": {"min": [-11.157350796766323, -0.393900987734753, -5.546543710455224], "max": [5.447522697172344, 24.949982959349885, 11.126252717930512]}, "fps": 120}