{"width": 38, "height": 63, "box": {"min": [-7.506432990781572, -0.46183958673168746, -6.296703373819171], "max": [2.1446384513036483, 25.63573237383589, 4.006142684634656]}, "fps": 120}