{"width": 38, "height": 95, "box": {"min": [-4.758218121468611, -0.21397681712564065, -4.88953336990355], "max": [7.775025232651686, 29.24901595156331, 6.149300346643542]}, "fps": 120}