{"width": 38, "height": 87, "box": {"min": [-10.664988409666813, -0.3960940270950011, -8.3357429751287], "max": [6.5294814025005525, 24.995816853608154, 8.860477971436314]}, "fps": 120}