{"width": 38, "height": 69, "box": {"min": [-5.896508407185727, 0.04269329962084306, -5.237122259971941], "max": [22.11720454624662, 26.53316747250744, 12.860211984213828]}, "fps": 120}