{"width": 38, "height": 44, "box": {"min": [-0.7454878561796701, -0.3284192812537454, -1.7946587311484645], "max": [13.81057563560341, 25.054678620799525, 10.965173489816106]}, "fps": 120}