{"width": 38, "height": 84, "box": {"min": [-4.972678341621071, -0.22182287816333535, -3.957330944091134], "max": [7.525072879973998, 28.36975553909242, 4.932246565125747]}, "fps": 120}