{"width": 38, "height": 115, "box": {"min": [-18.814177511011838, -0.42814248019185, -5.176175606161083], "max": [28.355622837226424, 26.608614405858184, 7.932621678120638]}, "fps": 120}