{"width": 38, "height": 283, "box": {"min": [-28.608761709539678, -0.34168628121345834, -9.617241243172494], "max": [33.38007880443433, 25.455041496082018, 10.229217163842941]}, "fps": 120}