{"width": 38, "height": 104, "box": {"min": [-18.774696064258503, -0.3255624357548763, -10.061382708532474], "max": [12.211850972944672, 25.234294852609526, 5.564643670372478]}, "fps": 120}