{"width": 38, "height": 230, "box": {"min": [-21.53356891090715, -0.42969941488429464, -8.722126678700484], "max": [30.82740324123941, 25.58243867705714, 7.393442810192442]}, "fps": 120}