{"width": 38, "height": 58, "box": {"min": [-16.331100359836952, -0.187228474174837, -7.5224935449588335], "max": [11.622138435095735, 25.634559665289018, 7.689391536874888]}, "fps": 120}