{"width": 38, "height": 173, "box": {"min": [-12.875266728901826, -0.5847835819210412, -8.559498003040643], "max": [18.567901279248204, 28.52911963224115, 9.6811981282826]}, "fps": 120}