{"width": 38, "height": 71, "box": {"min": [-16.330562371399747, -0.42509605242642645, -10.983212973742834], "max": [15.972524767182579, 27.196423439980997, 3.962171195382041]}, "fps": 120}