{"width": 38, "height": 85, "box": {"min": [-5.455782453419583, -0.23767631266218503, -5.216701512903065], "max": [7.330586313087335, 29.287682129892872, 6.57547931987501]}, "fps": 120}