{"width": 38, "height": 104, "box": {"min": [-5.6415702150446, -0.24478947297549858, -4.717709841744296], "max": [7.641352483732314, 28.484485860553225, 6.41593699473637]}, "fps": 120}