{"width": 38, "height": 179, "box": {"min": [-12.278690757631034, -0.6296776512646247, -8.720077426101911], "max": [19.005565167465424, 27.69293882852824, 10.273385112453035]}, "fps": 120}