{"width": 38, "height": 152, "box": {"min": [-6.332393043803389, -0.6315418412572236, -9.767507777488024], "max": [14.770371658732229, 28.434787026618718, 11.381138428045954]}, "fps": 120}