{"width": 38, "height": 165, "box": {"min": [-3.4483049616107886, -0.559054807207336, -10.031914185575612], "max": [16.937666511145878, 28.961741180631776, 11.55195814686701]}, "fps": 120}