{"width": 38, "height": 88, "box": {"min": [-10.39347743472545, -0.3915441576405505, -6.759289102207737], "max": [7.01335224854848, 25.06942012317128, 12.450415187321342]}, "fps": 120}