{"width": 38, "height": 207, "box": {"min": [-26.502326212410118, -0.2631389112621948, -7.344210579922493], "max": [32.803829430515606, 25.71018328277304, 12.255314032721934]}, "fps": 120}