{"width": 38, "height": 250, "box": {"min": [-30.609098289712726, -0.28146613197735837, -7.569978695440335], "max": [33.53886438453485, 25.47706549631135, 12.45775075516626]}, "fps": 120}