{"width": 38, "height": 148, "box": {"min": [-18.846200451779268, -0.26424005828446484, -9.69595269894398], "max": [28.798102629844575, 25.830908875768, 7.306847970660098]}, "fps": 120}