{"width": 38, "height": 86, "box": {"min": [-6.0660020632599565, -0.16557650390513046, -4.661041654786599], "max": [8.045025703669799, 30.098056380015684, 6.296343276170616]}, "fps": 120}