{"width": 38, "height": 79, "box": {"min": [-9.701659939058002, -0.2817056822561259, -6.360294899000502], "max": [10.230376161242663, 25.02611531390225, 9.660089971318158]}, "fps": 120}