{"width": 38, "height": 58, "box": {"min": [-4.155601424610445, -0.4075829483932296, -0.3520744143763479], "max": [12.15488118765719, 24.117665553876293, 10.499535868729408]}, "fps": 120}