{"width": 38, "height": 130, "box": {"min": [-17.760686995845084, -0.4157822456498226, -11.724765963539497], "max": [10.382231926482552, 24.155304393202044, 8.70889401120411]}, "fps": 120}