{"width": 38, "height": 189, "box": {"min": [-26.718376601969524, -0.3685469215942262, -7.41601432189891], "max": [30.867751108255366, 24.825982818789694, 9.260110416581261]}, "fps": 120}