{"width": 38, "height": 289, "box": {"min": [-23.921537863808645, -0.33044063833952053, -5.961839304714499], "max": [33.57524001882468, 24.64761380801126, 9.03150976721016]}, "fps": 120}