{"width": 38, "height": 286, "box": {"min": [-28.856553374487895, -0.36335711299605533, -6.04522498856048], "max": [30.88185056762143, 24.403603245566693, 7.186280712692642]}, "fps": 120}