{"width": 38, "height": 178, "box": {"min": [-11.299400341724045, -0.26012143558306267, -17.57528241825502], "max": [10.909604434078148, 23.97961121630594, 5.223564951046969]}, "fps": 120}