{"width": 38, "height": 161, "box": {"min": [-18.905551987759004, -0.2757650093737867, -5.580448726821392], "max": [12.769018507439542, 24.239767530598744, 7.441177089036591]}, "fps": 120}