{"width": 38, "height": 123, "box": {"min": [-17.80024897968226, -0.4241472225797007, -10.244514272104027], "max": [16.751143356464464, 23.846510958393306, 8.019666535942545]}, "fps": 120}