{"width": 38, "height": 107, "box": {"min": [-15.524502183339992, -0.26558144011701756, -4.2580455804339685], "max": [0.737430781683102, 24.917963811829956, 6.288117365732118]}, "fps": 120}