{"width": 38, "height": 188, "box": {"min": [-24.815966018402722, -0.35731949527276224, -7.3808181163923265], "max": [33.1219337303741, 24.530220344812818, 12.002633573128398]}, "fps": 120}