{"width": 38, "height": 115, "box": {"min": [-17.31454761418287, -0.32424991750534615, -6.607484476024809], "max": [-1.7566588714176354, 24.657486759523312, 4.037956974091852]}, "fps": 120}