{"width": 38, "height": 121, "box": {"min": [-16.605415752656008, -0.4312085654049478, -9.749607804155417], "max": [17.659567860709668, 24.319675240772373, 6.7033966773686045]}, "fps": 120}