{"width": 38, "height": 153, "box": {"min": [-15.19440548980262, -0.5122981721234474, -5.4399820005526], "max": [21.971094950664455, 29.435243650077908, 9.151975505798461]}, "fps": 120}