{"width": 38, "height": 74, "box": {"min": [-13.685787627186372, -0.37234048920310014, -4.333884050145317], "max": [8.276541796358597, 24.412625946993188, 5.757547969463268]}, "fps": 120}