{"width": 38, "height": 125, "box": {"min": [-14.590407038437391, -0.2670053396317755, -5.46248805357172], "max": [33.09059316020268, 24.13739674607669, 10.53334114895159]}, "fps": 120}