{"width": 38, "height": 95, "box": {"min": [-8.306370751797285, -0.4422245606977574, -4.707513978046493], "max": [6.563538886294183, 26.857873604763682, 6.1853207574528986]}, "fps": 120}