{"width": 38, "height": 69, "box": {"min": [-15.801660238882828, -0.47058104969757375, -7.503916546991401], "max": [11.706936771450945, 23.68806769698379, 7.767470763374272]}, "fps": 120}