{"width": 38, "height": 156, "box": {"min": [-11.044436758892635, -0.5277815012071405, -5.246391872808082], "max": [22.06610331829225, 28.944886243391917, 7.526159773110983]}, "fps": 120}