{"width": 38, "height": 105, "box": {"min": [-7.249846666697096, -0.4452072612381135, -4.681384076809336], "max": [7.246629963191664, 25.984541716365833, 5.871114549216039]}, "fps": 120}