{"width": 38, "height": 119, "box": {"min": [-17.67788702337819, -0.38343319250559327, -3.8131478411474307], "max": [-0.8708697291399803, 24.26085419272359, 7.012135801862839]}, "fps": 120}