{"width": 38, "height": 72, "box": {"min": [-14.721155019117974, -0.2263551992486682, -4.46432350423439], "max": [11.142638469866958, 23.384555336628843, 9.254522630614034]}, "fps": 120}