{"width": 38, "height": 132, "box": {"min": [-17.727935443598852, -0.449335903944154, -11.210235764502583], "max": [9.872002198898631, 24.179602658958814, 9.519865867400704]}, "fps": 120}