{"width": 38, "height": 286, "box": {"min": [-26.468200959566555, -0.3598224847678462, -7.162813647188923], "max": [33.83914568017224, 24.41619426028108, 8.702829547609692]}, "fps": 120}