{"width": 38, "height": 201, "box": {"min": [-27.920346243809494, -0.4468371382059235, -7.079066625133055], "max": [31.44906687968477, 24.05583916187985, 10.501039837095819]}, "fps": 120}