{"width": 38, "height": 185, "box": {"min": [-19.976703188449093, -0.30599755394514994, -5.854323929271356], "max": [12.874503479760982, 24.56430606863659, 7.497578639106564]}, "fps": 120}