{"width": 38, "height": 289, "box": {"min": [-22.46713620082538, -0.2326136650985508, -3.6205236741320297], "max": [24.949521315797767, 24.15456126113361, 6.595896561835919]}, "fps": 120}