{"width": 38, "height": 104, "box": {"min": [-6.610050428904056, -0.46143359485220836, -3.954480287994778], "max": [12.868567058260064, 22.738046640597428, 7.037778467440697]}, "fps": 120}