{"width": 38, "height": 169, "box": {"min": [-18.830161519714714, -0.2845858133530999, -6.103451602760154], "max": [14.769943991971006, 24.18305698789259, 8.92340513044899]}, "fps": 120}