{"width": 38, "height": 65, "box": {"min": [-15.124585934019665, -0.24272239560065834, -10.381037220964291], "max": [10.275876408927475, 23.394858730918003, 10.387630382786464]}, "fps": 120}