{"width": 38, "height": 116, "box": {"min": [-16.62703077881822, -0.3676248879092656, -6.333511090117579], "max": [-0.32434936580641466, 24.759538544702856, 3.9814095042346125]}, "fps": 120}