{"width": 38, "height": 74, "box": {"min": [-16.309971546464325, -0.39660151699694957, -4.414773786840017], "max": [7.098909713658703, 24.571589018045028, 6.189273948251968]}, "fps": 120}