{"width": 38, "height": 212, "box": {"min": [-27.42223099164377, -0.4128645266185431, -5.082925349700622], "max": [15.673312844088402, 24.431738448604225, 6.276944591765546]}, "fps": 120}