{"width": 38, "height": 332, "box": {"min": [-25.734867051356254, -0.2973801321453563, -6.914820694345472], "max": [32.65771936933889, 24.528183099540463, 6.830040669326852]}, "fps": 120}