{"width": 38, "height": 126, "box": {"min": [-27.374444634776786, -0.38331137021208017, -8.500498522479694], "max": [18.417515924416712, 24.274575441254083, 7.313589928302428]}, "fps": 120}