{"width": 38, "height": 104, "box": {"min": [-7.967596522596731, -0.32754196078827424, -3.7012600054528306], "max": [8.443457723791862, 27.465519681373248, 6.0599354888910275]}, "fps": 120}