{"width": 38, "height": 188, "box": {"min": [-11.041853164139273, -0.20657027074100753, -5.9369482211069435], "max": [9.706937361163279, 24.133053990757496, 17.77438508694007]}, "fps": 120}