{"width": 38, "height": 180, "box": {"min": [-10.103832972700586, -0.3611519403039132, -16.503137421387176], "max": [12.893075946219428, 24.042017205624045, 5.740720399917974]}, "fps": 120}