{"width": 38, "height": 30, "box": {"min": [-7.518066815362814, -0.3661494887433352, -6.435683742127393], "max": [-0.7674055272573502, 24.784271159566014, 4.469610360042408]}, "fps": 120}