{"width": 38, "height": 114, "box": {"min": [-7.115598840467236, -0.426146240131804, -5.202553057175958], "max": [7.277282440844474, 26.04106159950541, 5.811202340029245]}, "fps": 120}