{"width": 38, "height": 126, "box": {"min": [-16.944805331952264, -0.21281217693347237, -9.49483011906478], "max": [15.944296058475706, 24.135237285455027, 11.131183741799312]}, "fps": 120}