{"width": 38, "height": 140, "box": {"min": [-6.39037811108934, -0.159823120847165, -6.054949310454502], "max": [14.423908505084182, 24.281783756647087, 22.599776980651484]}, "fps": 120}