{"width": 38, "height": 261, "box": {"min": [-20.320419750501408, -0.22840553015428977, -5.795688797835998], "max": [24.680885976369773, 24.15492817346585, 7.4004277734435515]}, "fps": 120}