{"width": 38, "height": 146, "box": {"min": [-7.7880084914613885, -0.17964467200123702, -6.399806367135448], "max": [13.513409350920861, 23.78805417032382, 20.208488449187097]}, "fps": 120}