{"width": 38, "height": 116, "box": {"min": [-17.42504330343281, -0.3621238037404326, -4.4941211113159385], "max": [0.18125954280383344, 24.63150997094626, 6.698313376507657]}, "fps": 120}