{"width": 38, "height": 112, "box": {"min": [-6.919721111497334, -0.4387967684590488, -4.519232814938196], "max": [7.7359163903427355, 26.7911996080192, 6.480114760664502]}, "fps": 120}