{"width": 38, "height": 111, "box": {"min": [-15.507904154348612, -0.36755070136026213, -6.457609804714216], "max": [0.6130592841590994, 24.761425854758304, 3.600630013877068]}, "fps": 120}