{"width": 38, "height": 111, "box": {"min": [-19.540140990283515, -0.2754739244599542, -4.4244902281876595], "max": [-2.1177083007171538, 24.42728425290592, 6.324347532012556]}, "fps": 120}