{"width": 38, "height": 115, "box": {"min": [-14.07985802805414, -0.3375687613627023, -6.423803655070345], "max": [3.232290400178721, 24.729661688049816, 2.817579094543001]}, "fps": 120}