{"width": 38, "height": 22803, "box": {"min": [-31.243337313718484, -0.02668133404841777, -90.35418673675954], "max": [35.72918568602185, 31.65688554525771, 92.43253892004145]}, "fps": 120}