{"width": 38, "height": 22580, "box": {"min": [-38.463179314885274, -0.06218320320340709, -49.147247314453125], "max": [45.807313407814945, 33.12653806241581, 92.419374856428]}, "fps": 120}