{"width": 38, "height": 27369, "box": {"min": [-32.95929619896685, 0.4443640984674109, -79.14129463373814], "max": [37.54567351020742, 30.392714195184976, 92.18528245534863]}, "fps": 120}