{"width": 38, "height": 13057, "box": {"min": [-30.172887160490017, 0.47439635829026017, -80.9907742620826], "max": [34.52567669112155, 33.483815567766406, 83.25968107719464]}, "fps": 120}