{"width": 38, "height": 30540, "box": {"min": [-26.986409323125105, -0.05233646258026159, -70.53005001889187], "max": [33.53833206579855, 31.095929471759863, 94.56021261229883]}, "fps": 120}