{"width": 38, "height": 177, "box": {"min": [-29.877665637151324, -0.2170920925947717, -6.085786455417324], "max": [33.46472443701373, 25.217817333911327, 9.66218300285571]}, "fps": 120}