{"width": 38, "height": 17922, "box": {"min": [-40.51912114040072, 0.04456281772998194, -42.84647296367537], "max": [54.51708435191727, 31.0266939056694, 92.98473768400171]}, "fps": 120}