{"width": 38, "height": 46, "box": {"min": [-6.379771373090922, -0.233711260202481, -2.75038856667803], "max": [5.5836077826729715, 24.97509557773692, 5.049681857268649]}, "fps": 120}