{"width": 38, "height": 44, "box": {"min": [-7.083410445715333, -0.2494179770449969, -2.6669435405451614], "max": [5.508983123212612, 25.014905505971537, 5.033686967550253]}, "fps": 120}