{"width": 38, "height": 107, "box": {"min": [-12.751197204040155, -0.34608637951853494, -7.919692169714052], "max": [5.960972590752526, 24.95751916818092, 3.6418126136542646]}, "fps": 120}