{"width": 38, "height": 98, "box": {"min": [-16.82849964504219, -0.22763351148195565, -4.5230851907034255], "max": [2.4058484204235415, 24.897889511288707, 5.820309856685914]}, "fps": 120}