{"width": 38, "height": 69, "box": {"min": [-7.321154524539585, -0.08254972750582412, -5.777224425116827], "max": [17.184079008690677, 25.4242295541124, 8.006735399268177]}, "fps": 120}