{"width": 38, "height": 46, "box": {"min": [-6.02968693262277, -0.29246098642332574, -3.495883373444803], "max": [4.844685033188497, 24.92019727015183, 5.139687764656787]}, "fps": 120}