{"width": 38, "height": 62, "box": {"min": [-8.652229756406616, -0.13957246256939704, -5.0213124660532955], "max": [12.56036470503978, 25.50952856719244, 7.146734332855452]}, "fps": 120}