{"width": 38, "height": 94, "box": {"min": [-17.461817273858237, -0.43028892775964733, -12.720473410882205], "max": [10.395554393865863, 24.691123881639374, 6.969643035904321]}, "fps": 120}