{"width": 38, "height": 104, "box": {"min": [-9.282493486018778, -0.49423523870269226, -3.8424488443517215], "max": [11.709548204230787, 24.035497250103568, 7.9084292595861445]}, "fps": 120}