{"width": 38, "height": 62, "box": {"min": [-9.513637257517445, -0.12739909490849, -8.96953226197409], "max": [14.471391500867062, 25.331270740145627, 3.5935979313348474]}, "fps": 120}