{"width": 38, "height": 230, "box": {"min": [-27.827130558201354, -0.2872313337216962, -6.46769039228891], "max": [32.90030988560885, 25.0079861267121, 5.419722488258712]}, "fps": 120}