{"width": 38, "height": 107, "box": {"min": [-14.396809783067413, -0.24544726503250958, -5.5441830459672365], "max": [3.8934039859011427, 25.024986695703443, 4.5994944722731494]}, "fps": 120}