{"width": 38, "height": 83, "box": {"min": [-7.141737140216809, -0.284291508972362, -2.9781076433913114], "max": [5.40951519283259, 25.075828003128308, 5.0475009445333905]}, "fps": 120}