{"width": 38, "height": 46, "box": {"min": [-6.660883179792547, -0.25196697783542377, -2.7494908532757005], "max": [5.720944781682362, 24.91306383337249, 4.972073992259167]}, "fps": 120}