{"width": 38, "height": 67, "box": {"min": [-6.379997971375619, -0.1515920398772017, -4.70221703432218], "max": [14.893927708042778, 25.46585480191945, 9.41380901928976]}, "fps": 120}