{"width": 38, "height": 67, "box": {"min": [-8.08620484773917, -0.41652451355218845, -11.44903082686613], "max": [15.040082529816683, 25.186436909427087, 1.5173528201387108]}, "fps": 120}