{"width": 38, "height": 72, "box": {"min": [-6.823544007603201, -0.23999794992365486, -3.040909004621069], "max": [5.145828247644626, 25.345922824118972, 5.635801693077546]}, "fps": 120}