{"width": 38, "height": 114, "box": {"min": [-15.306925723280049, -0.3275770096891898, -5.878629655602762], "max": [34.717960636028394, 25.051165841518067, 7.463976412944382]}, "fps": 120}