{"width": 38, "height": 50, "box": {"min": [-6.709018629424632, -0.3249783802128372, -3.274500669128394], "max": [4.542911136406797, 24.91399159604136, 5.282437446002497]}, "fps": 120}