{"width": 38, "height": 230, "box": {"min": [-27.315248693596068, -0.234777426363453, -4.5566788523837625], "max": [33.29733827137183, 24.985994590816468, 8.462003987073471]}, "fps": 120}