{"width": 38, "height": 99, "box": {"min": [-15.383706991386621, -0.285535393221374, -4.287859803068581], "max": [4.138232933081344, 24.984558835460238, 6.460031532213264]}, "fps": 120}