{"width": 38, "height": 146, "box": {"min": [-4.385206650250928, -0.47915989188738584, -4.557534247868177], "max": [25.273365307268325, 29.013051091081635, 7.568011194535084]}, "fps": 120}