{"width": 38, "height": 117, "box": {"min": [-19.093093876301957, -0.21542122098300887, -5.542237599154849], "max": [19.298489393989744, 25.700915118216304, 4.961371039688454]}, "fps": 120}