{"width": 38, "height": 101, "box": {"min": [-13.534669332479366, -0.29348498577171256, -3.9414972209230212], "max": [4.597638698926816, 24.887385616029665, 6.40321816838177]}, "fps": 120}