{"width": 38, "height": 74, "box": {"min": [-14.223230384591988, -0.4497745112437236, -2.8169646356539486], "max": [11.314909869059232, 25.088264512724887, 8.070445127061816]}, "fps": 120}