{"width": 38, "height": 50, "box": {"min": [-6.760766101495109, -0.2975912395076752, -3.426388279377816], "max": [5.188442380400091, 24.921002970357982, 5.31860231754363]}, "fps": 120}