{"width": 38, "height": 88, "box": {"min": [-6.493295401154967, -0.30347656092610453, -3.1975945781134403], "max": [4.477431919818461, 24.84368723340594, 4.730068276283732]}, "fps": 120}