{"width": 38, "height": 323, "box": {"min": [-28.730824498659548, -0.18143848525056994, -6.409901068940528], "max": [30.551784060382673, 25.02802001388189, 6.138032665442411]}, "fps": 120}