{"width": 38, "height": 23, "box": {"min": [-1.1724848383036424, -0.37178506092230723, -5.141264641595652], "max": [6.796931657611552, 24.78367994122614, 3.630394152065902]}, "fps": 120}