{"width": 38, "height": 147, "box": {"min": [-13.306315296643113, -0.501061135234188, -4.573384299983236], "max": [24.184274914078703, 27.524196945211163, 7.893015808633619]}, "fps": 120}