{"width": 38, "height": 109, "box": {"min": [-17.52381885213904, -0.2552565245909477, -6.415420023924028], "max": [0.7211191335687993, 25.005078084268813, 4.019698793329232]}, "fps": 120}