{"width": 38, "height": 108, "box": {"min": [-16.215092707880366, -0.20623266559135822, -8.435214563500503], "max": [7.1549330479017925, 24.56304510946584, 18.267367871859218]}, "fps": 120}