{"width": 38, "height": 150, "box": {"min": [-2.6628001744726846, -0.4634439837551515, -3.6736941296666554], "max": [26.39344945565244, 28.236725121280998, 8.352787898866755]}, "fps": 120}