{"width": 38, "height": 83, "box": {"min": [-7.129926094735634, -0.30906141599696935, -3.5309471915701165], "max": [4.552434685500067, 24.837479434958254, 5.140297359641991]}, "fps": 120}