{"width": 38, "height": 44, "box": {"min": [-6.5456076080057475, -0.30792641753235295, -3.430171470569289], "max": [4.786630599726761, 24.93273823382776, 5.230116189919194]}, "fps": 120}