{"width": 38, "height": 87, "box": {"min": [-6.542782810096261, -0.305398811396837, -3.508302391079624], "max": [4.8366573741787775, 24.942268887044303, 4.90009049308168]}, "fps": 120}