{"width": 38, "height": 81, "box": {"min": [-20.35505421610592, -0.17788374243478033, -3.738678180289503], "max": [4.245979293118021, 24.748564016668432, 7.44504089841595]}, "fps": 120}