{"width": 38, "height": 79, "box": {"min": [-6.925663010079695, -0.23625961998075495, -3.1129612874397328], "max": [5.529713036334401, 25.283440227913967, 5.529097530374458]}, "fps": 120}