{"width": 38, "height": 91, "box": {"min": [-17.384577164066766, -0.23993621840725754, -11.291681186153182], "max": [15.392836680156059, 24.73758882409788, 3.267276843362213]}, "fps": 120}