{"width": 38, "height": 70, "box": {"min": [-7.4057624050969055, -0.42481325636049583, -10.24618708844917], "max": [16.720787731869336, 25.345301504534266, 2.174470318587587]}, "fps": 120}