{"width": 38, "height": 47, "box": {"min": [-6.931614778061526, -0.16707600314498228, -2.6605908247406296], "max": [5.896390869068209, 24.905382553921154, 5.462405089219101]}, "fps": 120}