{"width": 38, "height": 166, "box": {"min": [-24.847743834973244, -0.17039703200169987, -3.4744120350818557], "max": [34.25804645733063, 25.104106228006426, 9.078538628043242]}, "fps": 120}