{"width": 38, "height": 161, "box": {"min": [-8.09359594039697, -0.06611700434753764, -6.023611894186575], "max": [13.069132209487043, 24.9946239210896, 20.64072923205903]}, "fps": 120}