{"width": 38, "height": 65, "box": {"min": [-6.930458427866206, -0.25919774496551784, -9.895180912820562], "max": [16.66581923854392, 25.361591655305137, 2.7043727791463525]}, "fps": 120}