{"width": 38, "height": 64, "box": {"min": [-2.071230945274972, -0.41910823091625327, -4.649250959767947], "max": [7.063537449915696, 24.791317858809673, 5.454112054310881]}, "fps": 120}