{"width": 38, "height": 98, "box": {"min": [-15.979593590980675, -0.29876164364491176, -6.014241713514884], "max": [2.5960719002057955, 25.041976415490815, 4.437114930326937]}, "fps": 120}