{"width": 38, "height": 140, "box": {"min": [-19.227726565842893, -0.08903647328351538, -5.81613237413563], "max": [12.794238365516247, 25.031760448626, 7.470219767435]}, "fps": 120}