{"width": 38, "height": 58, "box": {"min": [-16.14317065150111, -0.13879890709808296, -6.64673891592911], "max": [6.775715699485029, 25.19034986693945, 3.6283026640216467]}, "fps": 120}