{"width": 38, "height": 46, "box": {"min": [-5.2793181455306675, -0.25140910489419044, -0.44634188755034626], "max": [7.652813310041109, 24.713535745225915, 10.09674860910119]}, "fps": 120}