{"width": 38, "height": 172, "box": {"min": [-8.139045953393488, -0.11379539524465399, -21.344105907055273], "max": [15.918942300593551, 24.966962762381193, 4.644564568808162]}, "fps": 120}