{"width": 38, "height": 141, "box": {"min": [-4.998819185532281, -0.5091443215898015, -4.225946766654852], "max": [24.079440575558145, 29.620521785736116, 7.8357763854117595]}, "fps": 120}