{"width": 38, "height": 98, "box": {"min": [-18.785314770387256, -0.27058548472585975, -4.882767548643291], "max": [1.4168575958939038, 24.939710789604568, 5.716062764141064]}, "fps": 120}