{"width": 38, "height": 171, "box": {"min": [-18.619255818563463, -0.2665801776450699, -3.281715667397341], "max": [33.801395465843086, 25.875308336142357, 7.191473372690673]}, "fps": 120}