{"width": 38, "height": 154, "box": {"min": [-17.829238910474892, -0.4119237415493284, -5.792320618785478], "max": [23.151023707507026, 28.38985754216529, 7.3544723725767085]}, "fps": 120}