{"width": 38, "height": 195, "box": {"min": [-25.916626956092394, -0.25253403733420654, -6.296917887799897], "max": [34.550061030598656, 21.08539760723278, 8.394231597400161]}, "fps": 120}