{"width": 38, "height": 74, "box": {"min": [-14.833717161208764, -0.19263597582379066, -5.132805933339481], "max": [11.080009778393556, 23.877198851328856, 7.922569176718238]}, "fps": 120}