{"width": 38, "height": 86, "box": {"min": [-11.078677992411459, -0.44771970467359545, -6.8651036734161215], "max": [4.454150967964835, 23.051255691043398, 6.5579411689531115]}, "fps": 120}