{"width": 38, "height": 152, "box": {"min": [-18.113514658513193, -0.1078064976522004, -7.55935466817503], "max": [10.766270838101738, 22.493751745575807, 9.172209106614426]}, "fps": 120}