{"width": 38, "height": 158, "box": {"min": [-19.120670489683565, -0.1116704997378073, -10.36685403130639], "max": [13.077608985781982, 22.739259443884517, 6.131533421897972]}, "fps": 120}