{"width": 38, "height": 120, "box": {"min": [-3.0273727804418833, -0.6194293780936495, -5.935904372887987], "max": [18.771425196427032, 24.229890033774335, 9.217993464037743]}, "fps": 120}