{"width": 38, "height": 40, "box": {"min": [-11.995253757466072, -0.5340567323843328, -6.688846149205812], "max": [-3.699340967908948, 22.08761229989224, 5.34115591867339]}, "fps": 120}