{"width": 38, "height": 151, "box": {"min": [-9.096879849974268, -0.2882009015444462, -7.631795485390705], "max": [10.299624245474766, 22.032966227023856, 18.76603433666327]}, "fps": 120}