{"width": 38, "height": 205, "box": {"min": [-28.75706956110525, -0.2019865902515443, -7.078177720965389], "max": [32.18842221708761, 21.76968869816862, 8.019649166677164]}, "fps": 120}