{"width": 38, "height": 215, "box": {"min": [-18.41330561982434, -0.18509690568764436, -6.197310385404067], "max": [30.43934862393177, 22.558877848569733, 7.169616433292289]}, "fps": 120}