{"width": 38, "height": 112, "box": {"min": [-20.12476177804899, -0.1340035037438163, -8.520293054080442], "max": [12.917367639013602, 21.98225852622074, 6.309337333074191]}, "fps": 120}