{"width": 38, "height": 128, "box": {"min": [-10.92681550738661, -0.5404953161132812, -4.029081792707079], "max": [6.147322606150604, 24.002786220875674, 6.032817496610395]}, "fps": 120}