{"width": 38, "height": 72, "box": {"min": [-6.9319824536640215, -0.18126861247966303, -10.716963518124482], "max": [15.918714603307315, 23.38465649206365, 4.51930612222496]}, "fps": 120}