{"width": 38, "height": 337, "box": {"min": [-29.072138679933964, -0.17596087871534494, -7.618710315561946], "max": [24.851776419017664, 23.04099873722956, 7.309149059235364]}, "fps": 120}