{"width": 38, "height": 174, "box": {"min": [-9.431519909258483, -0.4388791600704063, -17.238568082362576], "max": [14.691205021850978, 22.544970889461204, 4.765463217279076]}, "fps": 120}