{"width": 38, "height": 98, "box": {"min": [-2.278978765017844, -0.47487468348465955, -3.1933799667079295], "max": [15.870191801468703, 20.74640845385029, 7.234708057557507]}, "fps": 120}