{"width": 38, "height": 136, "box": {"min": [-12.152629238000253, -0.5974664066127855, -4.380233456390998], "max": [16.161036914510124, 25.254192078502093, 8.684126550741878]}, "fps": 120}