{"width": 38, "height": 93, "box": {"min": [-12.967503498709622, -0.43548614461989654, -3.3848824223133303], "max": [2.6825055607861854, 23.027263844832472, 7.582548558871639]}, "fps": 120}