{"width": 38, "height": 129, "box": {"min": [-18.258869024727577, -0.23294332254732575, -6.819478283600981], "max": [18.127672916739957, 23.393138196739034, 4.457946026595749]}, "fps": 120}