{"width": 38, "height": 72, "box": {"min": [-5.447671141964769, -0.13688282487010128, -3.4551294995658153], "max": [19.146594970516066, 23.792330667136536, 10.83277553276234]}, "fps": 120}