{"width": 38, "height": 90, "box": {"min": [-11.977489248706108, -0.47613747332914946, -5.914827124851372], "max": [3.5260524508207745, 22.414951440275892, 5.041784369141367]}, "fps": 120}