{"width": 38, "height": 68, "box": {"min": [-6.052068003056839, -0.12382164191187517, -4.013052991422735], "max": [17.05430164624477, 23.579819849614857, 8.8963919566135]}, "fps": 120}