{"width": 38, "height": 268, "box": {"min": [-28.541436334897774, -0.23463057273775234, -6.508611116689513], "max": [33.52110270871471, 22.410258255136732, 8.855952014195331]}, "fps": 120}