{"width": 38, "height": 120, "box": {"min": [-10.859548873415342, -0.18621340495080607, -6.411255733668035], "max": [7.829804301468748, 22.272870801323144, 16.532473912354074]}, "fps": 120}