{"width": 38, "height": 82, "box": {"min": [-8.275959334933168, -0.383613326723683, -8.72338250207005], "max": [16.11483306926227, 23.630189003303663, 3.9914746412644257]}, "fps": 120}