{"width": 38, "height": 130, "box": {"min": [-13.097872735419953, -0.5452478113714752, -6.0309779654963], "max": [15.866389096684737, 25.059982011977294, 9.186370399774296]}, "fps": 120}