{"width": 38, "height": 111, "box": {"min": [-10.895423745777773, -0.5433343234473658, -2.9509646252107533], "max": [4.3251416317073055, 24.522617410894583, 6.960826221992072]}, "fps": 120}