{"width": 38, "height": 119, "box": {"min": [-19.104552933821665, -0.13549199660744016, -9.046233401231632], "max": [12.469676588153487, 22.146168667258237, 8.505013734972632]}, "fps": 120}