{"width": 38, "height": 197, "box": {"min": [-25.96787717747289, -0.2274318969890704, -6.072082916385948], "max": [33.807749218328354, 21.522077117624363, 8.68115842896144]}, "fps": 120}