{"width": 38, "height": 82, "box": {"min": [-10.356817893272343, -0.48529364813486253, -5.843584169237124], "max": [5.317335337363953, 23.04437572934907, 7.464953674286541]}, "fps": 120}