{"width": 38, "height": 193, "box": {"min": [-29.04064055780039, -0.3097234367746631, -7.043536887501588], "max": [29.025242191005002, 21.348317484434602, 7.478881820187461]}, "fps": 120}