{"width": 38, "height": 116, "box": {"min": [-1.5627281705120195, -0.6276546245082155, -4.918843822922654], "max": [20.16215968247043, 24.0400841707235, 9.403050472975826]}, "fps": 120}