{"width": 38, "height": 110, "box": {"min": [-16.85825545703947, -0.34911627307235993, -9.84021880576318], "max": [16.933125861911968, 21.952717954149403, 4.139009720064536]}, "fps": 120}