{"width": 38, "height": 75, "box": {"min": [-8.437897397960715, -0.18395231209605722, -9.15782180294635], "max": [13.224819600375127, 23.676646934119542, 4.2813722892826735]}, "fps": 120}