{"width": 38, "height": 176, "box": {"min": [-12.077663884359612, -0.15578477213668573, -6.51649793242032], "max": [8.891585212959606, 22.354984242723397, 14.731250727783571]}, "fps": 120}