{"width": 38, "height": 93, "box": {"min": [-11.61281866967596, -0.4362837321028594, -3.986230554250945], "max": [3.1780113281526274, 23.2053461705302, 9.490331025820861]}, "fps": 120}