{"width": 38, "height": 41, "box": {"min": [-11.457237766773556, -0.599963723200714, -6.180846928219422], "max": [-3.149465793110929, 21.560566463116754, 4.9341444278924085]}, "fps": 120}