{"width": 38, "height": 89, "box": {"min": [-11.988332130838232, -0.4919465309849591, -6.194904454375268], "max": [4.116416645110441, 23.100712935743047, 5.036935710510127]}, "fps": 120}