{"width": 38, "height": 96, "box": {"min": [-13.767434770659445, -0.40823434512233914, -3.1191707682181615], "max": [2.6545362844311473, 22.89150176821626, 9.097315100368089]}, "fps": 120}