{"width": 38, "height": 129, "box": {"min": [-8.214654850783367, -0.2648032037798216, -21.5970517433461], "max": [13.564516792429446, 22.05982484490716, 4.04478553131942]}, "fps": 120}