{"width": 38, "height": 117, "box": {"min": [-17.44537185760529, -0.3903237763329803, -9.08597570753445], "max": [16.961755552719648, 22.094789190132854, 4.365148277745512]}, "fps": 120}