{"width": 38, "height": 100, "box": {"min": [-11.451364906685695, -0.49187923625013386, -4.500213712824804], "max": [6.411658505169806, 23.677569886772655, 5.916963428909636]}, "fps": 120}