{"width": 38, "height": 134, "box": {"min": [-16.780577700881185, 0.019187981964462475, -6.429161728116684], "max": [17.053689241395947, 24.89502690233758, 10.801145057073557]}, "fps": 120}