{"width": 38, "height": 263, "box": {"min": [-29.10362893323505, -0.11104202978609357, -6.959009870796107], "max": [36.628270593072436, 25.10783009530943, 9.51848756824036]}, "fps": 120}