{"width": 38, "height": 153, "box": {"min": [-19.46028388279231, -0.24862177311307554, -12.1821335337356], "max": [15.075380058549687, 24.910320361054787, 5.3368137145444665]}, "fps": 120}