{"width": 38, "height": 91, "box": {"min": [-3.520195430481316, -0.4018273804256506, -11.01244123240571], "max": [21.847844346005903, 30.30050350373907, 4.622630720686705]}, "fps": 120}