{"width": 38, "height": 326, "box": {"min": [-29.082817739706435, -0.1756085914354022, -6.880294692018761], "max": [29.949231376206832, 24.951877052295515, 7.8012537075546895]}, "fps": 120}