{"width": 38, "height": 117, "box": {"min": [-14.4523172151745, -0.3414203418189461, -5.388508184098299], "max": [5.27639305722341, 25.06127630624194, 7.159868828028483]}, "fps": 120}