{"width": 38, "height": 150, "box": {"min": [-12.281937379010143, -0.5288267426915475, -9.38498984597436], "max": [18.64901133175417, 29.569461689965365, 9.440305181786167]}, "fps": 120}