{"width": 38, "height": 92, "box": {"min": [-15.777032320917172, -0.18348854060595443, -10.415356350916225], "max": [13.411517144899316, 29.829843722408555, 5.4497168476713895]}, "fps": 120}