{"width": 38, "height": 126, "box": {"min": [-17.090711651545785, -0.2573517906578965, -12.238067320391117], "max": [16.459796486819037, 25.044699361031547, 6.185552979542818]}, "fps": 120}