{"width": 38, "height": 139, "box": {"min": [-7.7545709891063614, -0.3761434168821707, -23.22928303045306], "max": [12.852662541138729, 25.02957584775734, 3.322753761999077]}, "fps": 120}