{"width": 38, "height": 153, "box": {"min": [-17.498311410070418, -0.03844164755323548, -8.239169865037356], "max": [17.3803964462494, 24.979140373759773, 7.584348997521558]}, "fps": 120}