{"width": 38, "height": 55, "box": {"min": [0.7798046438152723, -0.5086895587024288, -2.800051000443045], "max": [19.07308820531756, 24.889347461278387, 7.871749276747563]}, "fps": 120}