{"width": 38, "height": 161, "box": {"min": [-8.533054294889018, -0.38072465242054054, -23.234614509710596], "max": [14.229522405240827, 24.925781096552022, 1.9335381426959366]}, "fps": 120}