{"width": 38, "height": 130, "box": {"min": [-17.361858493554195, -0.24319961605240759, -13.811717520687036], "max": [16.737420997409306, 25.103279720390194, 4.4506707658689]}, "fps": 120}