{"width": 38, "height": 231, "box": {"min": [-26.1761350679648, -0.1976970622556682, -7.996615187545824], "max": [35.75069594748039, 30.20945674611717, 11.717592843003892]}, "fps": 120}