{"width": 38, "height": 244, "box": {"min": [-28.78595904804621, -0.1775379288854626, -5.738409134853506], "max": [26.853399391438614, 24.881703549037702, 7.6085673001553715]}, "fps": 120}