{"width": 38, "height": 64, "box": {"min": [-10.690091999145036, -0.5967307616042301, -6.087982204768247], "max": [6.42201383042807, 25.557595876938542, 7.600619485236696]}, "fps": 120}