{"width": 38, "height": 71, "box": {"min": [-10.187024074341275, -0.5840695112819324, -5.054486350166556], "max": [7.278855099387042, 25.817220772763683, 7.400034965223925]}, "fps": 120}