{"width": 38, "height": 324, "box": {"min": [-26.643721368017204, -0.09821231628491012, -5.062612428899285], "max": [34.89764370442853, 24.95929203739175, 7.79405118781918]}, "fps": 120}