{"width": 38, "height": 254, "box": {"min": [-28.418409949641468, -0.14182600295448627, -6.248810737040239], "max": [35.64460819633321, 24.94766745211463, 7.948327990291478]}, "fps": 120}