{"width": 38, "height": 132, "box": {"min": [-17.440047307819473, -0.0013133281892737658, -7.767402233177837], "max": [15.472264598422823, 24.841162187213015, 11.166198658004438]}, "fps": 120}