{"width": 38, "height": 95, "box": {"min": [-17.57204688473911, -0.027126819973847027, -8.660118248529855], "max": [13.047439104403347, 30.18812479773766, 9.962603045521957]}, "fps": 120}