{"width": 38, "height": 75, "box": {"min": [-10.628514263937486, -0.6392520468607434, -4.470900610292604], "max": [4.200748983209133, 25.23611063213842, 8.134243326387725]}, "fps": 120}