{"width": 38, "height": 160, "box": {"min": [-17.42235168105723, -0.010820513217227379, -7.629477864224022], "max": [15.708360997933662, 25.099761468704425, 9.692687006145398]}, "fps": 120}