{"width": 38, "height": 151, "box": {"min": [-16.963793162451193, -0.5861796142343436, -8.831593987751567], "max": [16.244673870247695, 30.32790428405123, 8.703402160948903]}, "fps": 120}