{"width": 38, "height": 137, "box": {"min": [-8.065979543009577, -0.04268466412641936, -5.814946371695923], "max": [14.86829925104427, 24.889325698831197, 18.136307264125584]}, "fps": 120}