{"width": 38, "height": 338, "box": {"min": [-28.650563651318762, -0.11984941295237084, -5.679595112036986], "max": [33.76454492915604, 24.965359993215248, 9.10534128505071]}, "fps": 120}