{"width": 38, "height": 157, "box": {"min": [-10.028085120731868, -0.03656750057419289, -7.7649924761216855], "max": [13.909578663905682, 24.903977617294665, 16.823019454239223]}, "fps": 120}