{"width": 38, "height": 192, "box": {"min": [-21.127915078873254, -0.06249521129208052, -3.941634622893736], "max": [33.843683385300345, 25.009977927460948, 8.277457372619047]}, "fps": 120}