{"width": 38, "height": 23304, "box": {"min": [-29.13162342847697, 0.1453368076258954, -73.60183126983398], "max": [38.06150005420729, 32.69312636735743, 85.13822559716364]}, "fps": 120}