{"width": 38, "height": 231, "box": {"min": [-30.549528356152592, -0.20043009633781328, -8.011666112602878], "max": [33.17069852789178, 30.59906387414475, 9.12063121794531]}, "fps": 120}