{"width": 38, "height": 20, "box": {"min": [-3.523484090395155, -0.5158954510675599, -5.207786074161659], "max": [5.6574961157204555, 23.92395080905238, 4.912098041268643]}, "fps": 120}