{"width": 38, "height": 105, "box": {"min": [-16.560938889543493, -0.35602194343884286, -7.7008091770885], "max": [1.8482097681325413, 25.11401342225089, 3.194421655200315]}, "fps": 120}