{"width": 38, "height": 107, "box": {"min": [-16.489724983799633, -0.3120171555479041, -6.10941157888449], "max": [3.616382797969782, 25.714269428748835, 6.382865067445242]}, "fps": 120}