{"width": 38, "height": 91, "box": {"min": [-10.582174618234243, -0.6706872638500161, -4.6485135979604255], "max": [4.008556320552615, 25.126591110902503, 9.79399847918227]}, "fps": 120}