{"width": 38, "height": 61, "box": {"min": [-10.373047037997484, -0.6145369413984805, -5.529616289989613], "max": [6.324076672517694, 25.199532444552055, 8.152249558862925]}, "fps": 120}