{"width": 38, "height": 265, "box": {"min": [-28.821627576506692, -0.18705073554018303, -5.811459694698507], "max": [27.76699117254466, 25.056302924262933, 6.9475416290095025]}, "fps": 120}