{"width": 38, "height": 123, "box": {"min": [-14.864722258260933, -0.3266756718245645, -8.6819213275722], "max": [3.7223487407262787, 25.066955325282336, 3.169247257697911]}, "fps": 120}