{"width": 38, "height": 90, "box": {"min": [-12.079638088375097, -0.491274362849101, -6.5601631209949085], "max": [5.501411807028095, 25.0797620073501, 8.22012103894595]}, "fps": 120}