{"width": 38, "height": 151, "box": {"min": [-18.355429676042142, -0.1773198297346823, -10.184716080404929], "max": [16.239824304461873, 24.991080898146574, 5.00864689785382]}, "fps": 120}