{"width": 38, "height": 145, "box": {"min": [-4.781074468881995, -0.5324845603226767, -7.0151264181509205], "max": [19.95704938420233, 29.999112429470166, 7.9480053622858]}, "fps": 120}