{"width": 38, "height": 76, "box": {"min": [-10.63762561794866, -0.6847171991532821, -4.299364297131081], "max": [4.734908789296992, 25.355187069270606, 9.267520994329818]}, "fps": 120}