{"width": 38, "height": 156, "box": {"min": [-18.24762481557615, -0.17402852535602026, -8.62713650008641], "max": [19.537412855886338, 25.08188483174877, 5.480113346596295]}, "fps": 120}