{"width": 38, "height": 1, "box": {"min": [-12.36021, -16.289, -0.64078], "max": [12.62922, 7.59204, 3.20244]}, "fps": 24}