{"width": 38, "height": 32500, "box": {"min": [-28.016475821156853, 0.29481040979870965, -63.706643938741834], "max": [33.08103943090266, 31.098891172128457, 85.31408179516981]}, "fps": 120}