{"width": 38, "height": 139, "box": {"min": [-14.609975716645362, -0.370580091414463, -4.910511334797147], "max": [4.945101994745858, 25.159788256011527, 6.769297708552337]}, "fps": 120}