{"width": 38, "height": 126, "box": {"min": [-13.32490606415017, -0.3181561940744415, -5.460925912124996], "max": [5.622778943568196, 25.163380107387923, 5.955544526896078]}, "fps": 120}