{"width": 38, "height": 65, "box": {"min": [-13.564373167210157, -0.4836369935130034, -6.1287025690651635], "max": [-0.9230599318629714, 24.82430863193871, 4.980840967986335]}, "fps": 120}