{"width": 38, "height": 64, "box": {"min": [-15.564700962019504, -0.11476085734162567, -7.824484226385417], "max": [9.132610674307653, 25.450738014740875, 3.650808920079511]}, "fps": 120}