{"width": 38, "height": 251, "box": {"min": [-28.363913760316933, -0.11819166980434825, -6.551298200405561], "max": [33.493133884196695, 24.760502133826513, 9.298008253132561]}, "fps": 120}