{"width": 38, "height": 84, "box": {"min": [-10.481200859228428, -0.476614167023253, -3.5889123501927767], "max": [4.92606839222379, 26.942106052965148, 4.7372338295699326]}, "fps": 120}