{"width": 38, "height": 277, "box": {"min": [-27.17675193128855, 0.025256633542721008, -5.670826796921112], "max": [33.115470577064244, 24.710154224385676, 9.329342282370709]}, "fps": 120}