{"width": 38, "height": 154, "box": {"min": [-18.54267509353267, -0.002907848603523, -6.113779648987538], "max": [15.717477895539226, 24.888178555804046, 5.740750629320832]}, "fps": 120}