{"width": 38, "height": 157, "box": {"min": [-15.552207068319277, -0.10283142494511455, -9.4860115761901], "max": [17.411061105415886, 24.967531302379776, 3.1702537770126473]}, "fps": 120}