{"width": 38, "height": 158, "box": {"min": [-27.893635080632308, -0.12809995672816088, -4.159252753472844], "max": [22.32290255307048, 25.590009162696504, 6.758031828044108]}, "fps": 120}