{"width": 38, "height": 68, "box": {"min": [-11.34089260135045, -0.4747166749263554, -3.3869924191788163], "max": [4.097306384510641, 26.434213314975544, 5.550408003849385]}, "fps": 120}