{"width": 38, "height": 118, "box": {"min": [-8.248870564362257, -0.22680196722678492, -22.506334374353564], "max": [15.094649865450988, 24.823911276769127, 3.258656281450657]}, "fps": 120}