{"width": 38, "height": 182, "box": {"min": [-27.767562529733187, -0.0071709020833718995, -7.12344689001142], "max": [26.615187990427902, 25.090989956010585, 6.89397848054547]}, "fps": 120}