{"width": 38, "height": 79, "box": {"min": [-11.345033250725683, -0.534463604774966, -3.5367778908310803], "max": [4.752113635298631, 26.377784082116108, 5.7099579904581885]}, "fps": 120}