{"width": 38, "height": 152, "box": {"min": [-9.490173837989303, 0.012742417752413582, -4.880730742201548], "max": [10.481232419974539, 24.75850816043683, 22.705158637643375]}, "fps": 120}