{"width": 38, "height": 139, "box": {"min": [-15.300947466601764, -0.24646889272739836, -2.0096568970511237], "max": [6.180534201389635, 25.13236405956721, 8.829508600365473]}, "fps": 120}