{"width": 38, "height": 92, "box": {"min": [-10.152259935833147, -0.5133158866210017, -3.2945900705945155], "max": [3.6667616263722103, 26.217902809466413, 6.113295645927334]}, "fps": 120}