{"width": 38, "height": 227, "box": {"min": [-16.059983660188887, 0.058303556846317606, -6.3581974336776454], "max": [34.5474045165269, 25.0715183827542, 7.470249438159745]}, "fps": 120}