{"width": 38, "height": 86, "box": {"min": [-9.524295526765135, -0.5024485626466025, -2.952237725268601], "max": [4.447067903301535, 26.10084030391222, 5.835501655508791]}, "fps": 120}