{"width": 38, "height": 65, "box": {"min": [-8.664318287060079, 0.0234616457291964, -9.61803190989656], "max": [14.862047524227082, 25.682463723137754, 3.9916048626699574]}, "fps": 120}