{"width": 38, "height": 159, "box": {"min": [-7.681273029662558, -0.027878784688843306, -6.660814845707941], "max": [14.578071850649945, 24.841444678706605, 20.317182770090202]}, "fps": 120}