{"width": 38, "height": 251, "box": {"min": [-29.050154381520535, -0.04976488814033031, -7.725690411188082], "max": [34.562485463837774, 25.109122597881466, 7.705652599605425]}, "fps": 120}