{"width": 38, "height": 77, "box": {"min": [-5.51561847560392, 0.06247347686224841, -5.4619919941963975], "max": [17.933141585856625, 25.718161088377393, 11.034466832177365]}, "fps": 120}