{"width": 38, "height": 144, "box": {"min": [-12.036070105236165, -0.5880226178932773, -7.217412627049621], "max": [18.188238309982033, 30.77386971569811, 8.52599682109552]}, "fps": 120}