{"width": 38, "height": 93, "box": {"min": [-11.351017418517952, -0.45198741315055857, -3.216208912432214], "max": [3.986350243769118, 26.22071088545252, 6.076858907576321]}, "fps": 120}