{"width": 38, "height": 120, "box": {"min": [-7.066563550355675, -0.422667347507941, -22.60550944266074], "max": [14.552941244221008, 24.777032134618835, 4.35840535504691]}, "fps": 120}