{"width": 38, "height": 77, "box": {"min": [-1.8597382951554355, -0.37194530359252054, -6.961539023313016], "max": [17.936076989977373, 25.267456545808432, 7.206108672959681]}, "fps": 120}