{"width": 38, "height": 140, "box": {"min": [-14.764604842079262, -0.304682412500913, -6.164175723050815], "max": [5.405814713885016, 25.176259687157362, 6.512396482233578]}, "fps": 120}