{"width": 38, "height": 135, "box": {"min": [3.8105471565986493, -0.5421632069788523, -6.842121003552535], "max": [24.22646269824124, 29.275028250758023, 8.536203092684582]}, "fps": 120}