{"width": 38, "height": 181, "box": {"min": [-28.188669148629167, -0.13742805222262716, -9.946264564214118], "max": [34.57900636974298, 24.796891442365755, 10.700743382069009]}, "fps": 120}