{"width": 38, "height": 128, "box": {"min": [4.288644160251037, -0.5667521001560467, -6.115073386241776], "max": [26.14066747598367, 29.124641974332192, 9.06751655017608]}, "fps": 120}