{"width": 38, "height": 258, "box": {"min": [-18.825905193603234, 0.03000976575195069, -5.203932934200303], "max": [29.009220963387868, 25.017565380195435, 6.137828975441524]}, "fps": 120}