{"width": 38, "height": 147, "box": {"min": [-7.971283778059675, -0.008394493181052454, -6.744606087349945], "max": [12.320907717726705, 24.79685656879174, 19.45089272737151]}, "fps": 120}