{"width": 38, "height": 118, "box": {"min": [-16.526099901436794, -0.2404609299273569, -8.908051277551715], "max": [18.013568867955154, 24.856934288452138, 4.839745591009664]}, "fps": 120}