{"width": 38, "height": 71, "box": {"min": [-10.70482586512723, -0.4714647189348018, -3.7367355888058653], "max": [4.5524264897026825, 26.84204477446731, 4.390306660627067]}, "fps": 120}