{"width": 38, "height": 281, "box": {"min": [-29.39445796563021, -0.02559763689757688, -7.4077504126739395], "max": [29.434853922237952, 24.802844389764203, 7.386962461598582]}, "fps": 120}