{"width": 38, "height": 67, "box": {"min": [-4.811096729464906, -0.0777834582370297, -4.963021407380653], "max": [17.23239460692168, 25.78320007857557, 9.265149959645557]}, "fps": 120}