{"width": 38, "height": 133, "box": {"min": [-16.50155851186045, -0.27481549325884336, -1.9729597001580252], "max": [5.002705912070662, 25.2032124625664, 7.619010732280933]}, "fps": 120}