{"width": 38, "height": 61, "box": {"min": [-7.020656460961119, -0.11574651155860294, -9.620361340250607], "max": [16.28118985355111, 25.4945876352149, 2.744589245809717]}, "fps": 120}