{"width": 38, "height": 100, "box": {"min": [-17.801961457463733, -0.009632830309402873, -6.032770871656195], "max": [14.573437122157374, 24.77363321642683, 9.957282810852139]}, "fps": 120}