{"width": 38, "height": 176, "box": {"min": [-18.711067776115215, -0.21839801503901868, -5.3273664543302495], "max": [33.4505144405219, 25.84977665688289, 5.646974251149311]}, "fps": 120}