{"width": 38, "height": 252, "box": {"min": [-25.378834677879038, -0.05741326293002014, -5.0158896225137], "max": [33.42201525813513, 24.816646462169587, 8.845377682815814]}, "fps": 120}