{"width": 38, "height": 71, "box": {"min": [-10.807720256184638, -0.5324559108794065, -3.2213250503658264], "max": [4.5179521860867755, 26.347124711300353, 6.250597373777925]}, "fps": 120}