{"width": 38, "height": 79, "box": {"min": [-3.7720968785708284, 0.07660250888973963, -6.29493764953658], "max": [18.668723335530427, 25.88081207992233, 11.096705614084017]}, "fps": 120}