{"width": 38, "height": 164, "box": {"min": [-16.09302487508348, -0.19181369200751697, -11.243185079598925], "max": [19.040423358603068, 25.088729481370038, 3.0723730399161617]}, "fps": 120}