{"width": 38, "height": 133, "box": {"min": [-18.068695909664996, 0.04801603889391437, -8.122652744866494], "max": [14.846309022383409, 24.886494868029267, 8.45062442478864]}, "fps": 120}