{"width": 38, "height": 12817, "box": {"min": [-27.265522752565808, 0.6159475200929843, -73.22069088669778], "max": [45.98709114016672, 31.276521821367037, 82.04811633906446]}, "fps": 120}