{"width": 38, "height": 22166, "box": {"min": [-40.27456441187994, 0.19199703275994606, -68.45296126799713], "max": [39.527162853202206, 32.78273018719834, 81.23701250467043]}, "fps": 120}