{"width": 38, "height": 67, "box": {"min": [-4.885547739986519, -0.08844782216818858, -5.134175263635254], "max": [21.061779101933396, 25.257499633898398, 8.961307504246108]}, "fps": 120}