{"width": 38, "height": 84, "box": {"min": [-6.846683704524263, -0.40294583411425045, -6.5015667431487385], "max": [8.279955867132234, 26.762294155281456, 8.520180540951404]}, "fps": 120}