{"width": 38, "height": 128, "box": {"min": [-16.21761837157163, -0.0878278965528605, -10.656934181371685], "max": [16.680434977031737, 24.843767059722484, 12.133096758576238]}, "fps": 120}