{"width": 38, "height": 110, "box": {"min": [-18.338749002602285, -0.1322416160058637, -11.766542201531278], "max": [12.645790453662562, 24.17404934111753, 12.017745921832894]}, "fps": 120}