{"width": 38, "height": 167, "box": {"min": [-8.461255839791988, -0.06237977151057805, -5.935356077975022], "max": [11.728171189220578, 24.723832242747466, 21.31373542004895]}, "fps": 120}