{"width": 38, "height": 121, "box": {"min": [5.326355417001476, -0.42006452426492646, -8.763845480116434], "max": [21.507232143600945, 27.133858022709024, 12.606959409233475]}, "fps": 120}