{"width": 38, "height": 128, "box": {"min": [-14.712412627366993, -0.17165974728693856, -6.238222417545219], "max": [7.360829770509632, 24.37134193473697, 9.77312039557865]}, "fps": 120}