{"width": 38, "height": 57, "box": {"min": [-7.688642230536165, -0.47382579686178494, -6.54789613974985], "max": [10.57858259404924, 27.56373712825104, 7.897434697449487]}, "fps": 120}