{"width": 38, "height": 155, "box": {"min": [-8.894015521128042, -0.0055606980427211905, -10.45758702974768], "max": [11.657521784554254, 24.537924403348054, 23.275058963085392]}, "fps": 120}