{"width": 38, "height": 146, "box": {"min": [-8.128248682003607, -0.08296401719014268, -5.7502359786503865], "max": [14.122962563470953, 24.561978772084952, 20.424335388562103]}, "fps": 120}