{"width": 38, "height": 132, "box": {"min": [3.402056089340612, -0.48451750878556377, -7.569468958911176], "max": [19.853125909515544, 27.10808041440361, 13.469669331895753]}, "fps": 120}