{"width": 38, "height": 73, "box": {"min": [-5.042810157344462, 0.04894926721890824, -8.807854024182998], "max": [16.141390545587264, 25.559554404462425, 14.05726116723128]}, "fps": 120}