{"width": 38, "height": 67, "box": {"min": [-9.284057794462395, -0.062111881321285534, -6.8649757830189655], "max": [16.465626890767517, 25.349106514500157, 7.683964056905568]}, "fps": 120}