{"width": 38, "height": 152, "box": {"min": [-7.583867093904293, -0.3972454001628005, -21.686050398351995], "max": [14.67406803681686, 24.808719946360178, 4.137351682222975]}, "fps": 120}