{"width": 38, "height": 102, "box": {"min": [-17.892912903447716, -0.10473431781471065, -10.645218632743719], "max": [15.642105497180673, 24.586991657178487, 8.569653495762799]}, "fps": 120}