{"width": 38, "height": 134, "box": {"min": [-18.289905672317666, -0.20515948011910923, -10.008071047104279], "max": [14.784982040745547, 24.788221642544205, 7.079932465344263]}, "fps": 120}