{"width": 38, "height": 68, "box": {"min": [-7.262098041525993, -0.5059220628063787, -7.3495745796535], "max": [7.270351419380985, 26.730345550828574, 8.414013629046382]}, "fps": 120}