{"width": 38, "height": 91, "box": {"min": [-0.8953760216940667, -0.408152569757257, -8.353564674787402], "max": [21.042089785647775, 25.637075167376462, 13.160478842438524]}, "fps": 120}