{"width": 38, "height": 89, "box": {"min": [-16.477806188927705, -0.37705700240483986, -9.14601745182593], "max": [17.13270029594455, 24.501738983010565, 7.620109117299056]}, "fps": 120}