{"width": 38, "height": 135, "box": {"min": [-16.354207729224708, -0.3304729036578302, -9.727536187254323], "max": [14.931055291086874, 24.713143856195273, 7.027143001855662]}, "fps": 120}