{"width": 38, "height": 141, "box": {"min": [-18.028352455814368, -0.20529711062949751, -12.261567918782564], "max": [16.248073486268332, 24.91797929078082, 10.299328577880367]}, "fps": 120}