{"width": 38, "height": 296, "box": {"min": [-22.59607006472369, -0.20688342403299198, -8.209833371199835], "max": [34.3127295535249, 24.883524641784394, 11.786796847743236]}, "fps": 120}