{"width": 38, "height": 61, "box": {"min": [-7.251757078225056, -0.4541476460000551, -7.391504244650255], "max": [10.146072727853578, 27.905320255984957, 7.921699997245767]}, "fps": 120}