{"width": 38, "height": 356, "box": {"min": [-28.33664013495766, -0.19177826510082552, -7.347064542556127], "max": [28.381673352225167, 24.89240849856622, 8.619198047671961]}, "fps": 120}