{"width": 38, "height": 55, "box": {"min": [-7.176903416316454, -0.4680588963957125, -5.973529968881316], "max": [10.14794700000035, 26.815716244103854, 8.717374259824137]}, "fps": 120}