{"width": 38, "height": 106, "box": {"min": [-15.29098013967075, -0.3837216755671333, -15.804854508671461], "max": [20.179966771043137, 24.780144319563338, 8.872761248977232]}, "fps": 120}