{"width": 38, "height": 77, "box": {"min": [-4.104690373655949, 0.0059229815934789265, -8.748640389099767], "max": [20.443378110606385, 25.51007044157876, 11.826687331177206]}, "fps": 120}