{"width": 38, "height": 131, "box": {"min": [-18.207509801353666, -0.1371411156019966, -10.924836378039965], "max": [15.838354084805736, 24.780759661845668, 7.3471218263050435]}, "fps": 120}