{"width": 38, "height": 56, "box": {"min": [-3.3029040815459263, -0.3447825256640762, -7.676331231649918], "max": [10.886402736534324, 25.45678084279011, 11.230024748271203]}, "fps": 120}