{"width": 38, "height": 37, "box": {"min": [-0.6190491776550491, -0.3365041395940853, -5.884161314405181], "max": [9.477810598267578, 24.542920471264996, 12.320396380637604]}, "fps": 120}