{"width": 38, "height": 177, "box": {"min": [-29.57669732159419, -0.2111524633734181, -10.166972873653034], "max": [33.52549398182162, 24.175196848825326, 13.155182424782733]}, "fps": 120}