{"width": 38, "height": 43, "box": {"min": [-9.315094563987687, -0.4207282839054529, -9.489668441809796], "max": [-0.7755054477778425, 24.472682270438224, 8.318663756213363]}, "fps": 120}