{"width": 38, "height": 246, "box": {"min": [-29.189048154655282, -0.21673606881254515, -10.9998598028325], "max": [33.17672139245845, 25.097593051805553, 9.173142295318106]}, "fps": 120}