{"width": 38, "height": 217, "box": {"min": [-26.85714577575879, -0.17721220618354772, -8.089320312778753], "max": [34.6145089743099, 24.97276301877202, 9.971532428603943]}, "fps": 120}