{"width": 38, "height": 91, "box": {"min": [-6.574452297084279, -0.4461344962250773, -6.429020170944623], "max": [8.865119123474656, 27.40804965613644, 8.052767864866377]}, "fps": 120}