{"width": 38, "height": 228, "box": {"min": [-18.19169344796461, -0.2247283038449015, -9.721966090460617], "max": [25.379644375772656, 24.83523117323903, 10.094258424481461]}, "fps": 120}