{"width": 38, "height": 180, "box": {"min": [-28.841956115409015, -0.23473690798711777, -12.576886463598214], "max": [32.538343311397234, 24.428955630173135, 9.688981898096293]}, "fps": 120}