{"width": 38, "height": 108, "box": {"min": [-14.11074207416122, -0.35589875098001, -6.400307921901707], "max": [6.29038294700142, 24.390640151694253, 7.822590069553672]}, "fps": 120}