{"width": 38, "height": 123, "box": {"min": [-6.196946375953962, -0.4885712784423053, -23.0398690195189], "max": [15.19718152221264, 24.4761871088204, 2.9926569751663177]}, "fps": 120}