{"width": 38, "height": 69, "box": {"min": [-9.07778828603171, -0.11120228975461621, -14.915575375200248], "max": [15.82964371515771, 25.164998463556916, 6.508690902499396]}, "fps": 120}