{"width": 38, "height": 123, "box": {"min": [-6.403127542198235, -0.1250091499937278, -4.306370182632097], "max": [13.409329110940702, 24.184172219340358, 23.273588667566546]}, "fps": 120}