{"width": 38, "height": 148, "box": {"min": [-8.46151299254145, -0.2557863630410431, -20.529874332182295], "max": [16.048176248815146, 24.830679047724814, 7.7441893120930105]}, "fps": 120}