{"width": 38, "height": 175, "box": {"min": [-29.01201629696944, -0.19241255762899523, -8.514059887999696], "max": [22.980415153926714, 25.735019903797443, 9.949313155100457]}, "fps": 120}