{"width": 38, "height": 297, "box": {"min": [-22.563231583508284, -0.20688342403299198, -8.209833371199835], "max": [34.55363892691797, 24.883524641784394, 11.786796847743236]}, "fps": 120}