{"width": 38, "height": 22429, "box": {"min": [-36.85532781578929, 0.29095602025699185, -76.00820421685042], "max": [33.29115159670351, 32.69106005136447, 90.04430285665104]}, "fps": 120}