{"width": 38, "height": 184, "box": {"min": [-28.389842687168265, -0.2309384118752349, -11.968022324324807], "max": [34.09273260142297, 24.216517443545122, 11.589093627214746]}, "fps": 120}