{"width": 38, "height": 137, "box": {"min": [-17.154886224005285, -0.2021159034091573, -13.568903887103492], "max": [15.842156462619027, 24.925509369236483, 9.223218300248593]}, "fps": 120}