{"width": 38, "height": 109, "box": {"min": [-16.847613754184508, -0.10090123800189055, -11.402597598282547], "max": [14.885689201350655, 24.53533575255892, 13.015601835880732]}, "fps": 120}