{"width": 38, "height": 88, "box": {"min": [-7.912130482692761, -0.4181571723943104, -6.485833422678002], "max": [9.46975690923376, 27.56152927538008, 7.731428317018401]}, "fps": 120}