{"width": 38, "height": 96, "box": {"min": [-7.861226157710508, -0.41769562949434846, -6.465788147952074], "max": [10.081201155207193, 27.647986941692913, 7.8672994626179085]}, "fps": 120}