{"width": 38, "height": 129, "box": {"min": [-12.646248227049012, -0.2956053517637749, -8.426957139918096], "max": [10.2242213944784, 24.5259082684722, 6.128961371936015]}, "fps": 120}