{"width": 38, "height": 128, "box": {"min": [-16.95433762519322, -0.32779603929637835, -9.95423783649296], "max": [17.992207362029873, 24.93535342188322, 6.00009475489979]}, "fps": 120}