{"width": 38, "height": 103, "box": {"min": [-16.859805652779336, -0.06747167590219372, -10.959766903022613], "max": [15.914911252681396, 24.75203260344366, 7.579888974730825]}, "fps": 120}