{"width": 38, "height": 70, "box": {"min": [-6.839310830272622, -0.5207538143708872, -6.706057077949324], "max": [6.546973813750378, 27.27044576922258, 8.69281116671083]}, "fps": 120}