{"width": 38, "height": 68, "box": {"min": [-9.391122491833631, -0.14602375312854865, -10.593727158121778], "max": [13.9962231417251, 25.812193225345396, 7.6892857576765525]}, "fps": 120}