{"width": 38, "height": 67, "box": {"min": [-7.230463102171866, -0.4979625555685172, -6.538693887689948], "max": [10.02666772661247, 26.688255083858028, 8.977784947388544]}, "fps": 120}