{"width": 38, "height": 260, "box": {"min": [-27.079813107418623, -0.12456117054186189, -9.218911075223232], "max": [29.894287834239854, 24.709603272281626, 15.041904093575964]}, "fps": 120}