{"width": 38, "height": 73, "box": {"min": [-3.297545074634094, -0.3630035427366065, -9.1572174191721], "max": [14.35303093443693, 24.87059419581791, 10.938154146205587]}, "fps": 120}