{"width": 38, "height": 96, "box": {"min": [-14.681196270035656, -0.33544903623274, -10.980921655769816], "max": [18.980482132360905, 24.730491000563976, 7.165732541170265]}, "fps": 120}