{"width": 38, "height": 147, "box": {"min": [-8.075961983957935, -0.2308333740737658, -21.592082042564236], "max": [16.440667758600377, 24.706946818688237, 8.768230173476843]}, "fps": 120}