{"width": 38, "height": 11593, "box": {"min": [-33.99584888301803, -7.05623, -84.7242944513591], "max": [30.223342162759753, 33.07115717234657, 85.02933461460069]}, "fps": 120}