{"width": 38, "height": 24358, "box": {"min": [-29.9042968568748, -7.05623, -71.88551176438493], "max": [31.729093174478024, 32.10255348369958, 89.92724436516707]}, "fps": 120}