{"width": 38, "height": 16431, "box": {"min": [-41.821272159941046, -7.05623, -43.69895550924313], "max": [40.73550560270573, 31.857754618808514, 90.61809301887489]}, "fps": 120}