{"width": 38, "height": 40, "box": {"min": [-11.995253757466072, -7.05623, -6.688846149205812], "max": [4.983, 22.08761229989224, 5.34115591867339]}, "fps": 120}