{"width": 38, "height": 21665, "box": {"min": [-29.23015622230382, -7.05623, -77.4875391962059], "max": [33.753111562678335, 32.948880325698426, 86.7676230311193]}, "fps": 120}