{"width": 38, "height": 30122, "box": {"min": [-29.342277226135682, -7.05623, -72.5991057069745], "max": [31.26819761608752, 31.86990249860132, 80.98965706184393]}, "fps": 120}