{"width": 38, "height": 21418, "box": {"min": [-31.43736147812842, -7.05623, -83.88335170631629], "max": [30.590093249063738, 31.172233342923523, 93.52984633666061]}, "fps": 120}