{"width": 38, "height": 18942, "box": {"min": [-34.448852497284, -7.05623, -94.1585002022188], "max": [37.462701003935216, 32.970286268419, 96.50123725550844]}, "fps": 30.0}