{"width": 38, "height": 268, "box": {"min": [-28.541436334897774, -7.05623, -6.508611116689513], "max": [33.52110270871471, 22.410258255136732, 8.855952014195331]}, "fps": 30.0}