{"width": 38, "height": 265, "box": {"min": [-28.821627576506692, -7.05623, -5.811459694698507], "max": [27.76699117254466, 25.056302924262933, 6.9475416290095025]}, "fps": 30.0}