{"width": 38, "height": 334, "box": {"min": [-29.479281323749294, -7.05623, -6.10439198793768], "max": [34.150988172029855, 24.8879293781423, 6.839991901974551]}, "fps": 30.0}