{"width": 38, "height": 360, "box": {"min": [-22.192344665527344, -7.05623, -1.0060689449310303], "max": [27.383068084716797, 17.53415298461914, 2.9850049018859863]}, "fps": 120}