{"width": 38, "height": 278, "box": {"min": [-21.4200439453125, -7.05623, -2.9492480754852295], "max": [18.480127334594727, 17.569059371948242, 2.36315]}, "fps": 120}