{"width": 38, "height": 18973, "box": {"min": [-31.21030438076133, -7.05623, -84.59037878364325], "max": [34.91724804115947, 31.09510231945072, 90.98432805240584]}, "fps": 120}