{"width": 38, "height": 16612, "box": {"min": [-31.166651129808933, -7.05623, -92.08536152866715], "max": [31.301439472881317, 30.75672150093675, 88.39315172559752]}, "fps": 120}