{"width": 38, "height": 21295, "box": {"min": [-27.952295227369447, -7.05623, -81.03121008416477], "max": [35.31880442620632, 29.01568368397616, 85.34924135918102]}, "fps": 30.0}