{"width": 38, "height": 75, "box": {"min": [-33.43653389792928, -6.64458, -3.9358127332388637], "max": [45.82502643343888, 25.750733655405472, 7.825436585084199]}, "fps": 120}