{"width": 38, "height": 23830, "box": {"min": [-31.328637655340565, -7.05623, -72.80669941186649], "max": [32.27812275317701, 30.70605768165922, 92.11846382985426]}, "fps": 30.0}