{"width": 38, "height": 27576, "box": {"min": [-27.609630553344783, -7.05623, -94.74118090903674], "max": [33.82734618367897, 28.767672330100666, 87.14816940508571]}, "fps": 30.0}