{"width": 38, "height": 14281, "box": {"min": [-38.80431411319447, -7.05623, -73.29895154676971], "max": [36.98468101661149, 33.662225216326966, 83.69907827684962]}, "fps": 30.0}