{"width": 38, "height": 23206, "box": {"min": [-43.50771082884592, -7.05623, -47.48137505923055], "max": [46.23798944631912, 32.503988992461245, 97.0396560155549]}, "fps": 120}