{"width": 38, "height": 22756, "box": {"min": [-31.52724624890968, -7.05623, -79.83221262228109], "max": [32.70232098702807, 33.1539569042405, 88.37455866607108]}, "fps": 30.0}