{"width": 38, "height": 23865, "box": {"min": [-33.77621134300881, -7.05623, -83.24859900059906], "max": [35.698363532599465, 31.23910016956898, 90.8234115486424]}, "fps": 30.0}