{"width": 38, "height": 152, "box": {"min": [-14.6834065805249, -7.05623, -7.949087817864426], "max": [8.61377615116172, 24.789935802346072, 6.144210716065196]}, "fps": 30.0}