{"width": 38, "height": 176, "box": {"min": [-29.908622041166442, -7.05623, -5.638097284246097], "max": [33.942966726257524, 25.001410467241637, 10.765715712082606]}, "fps": 30.0}