{"width": 38, "height": 151, "box": {"min": [-11.985530601944653, -7.05623, -8.839476224387566], "max": [20.78491636469259, 27.90195962117977, 10.77670105751921]}, "fps": 30.0}