{"width": 38, "height": 151, "box": {"min": [-11.963002357418329, -7.05623, -8.253033961998376], "max": [23.038845675162626, 28.39434399972999, 11.817236017803928]}, "fps": 30.0}