{"width": 38, "height": 140, "box": {"min": [-29.4092559185352, -7.05623, -7.5505533343904325], "max": [26.070877897119512, 25.073928451003596, 8.550806456631662]}, "fps": 30.0}