{"width": 38, "height": 144, "box": {"min": [-5.2419, -7.05623, -7.0415649280691515], "max": [21.66321385839421, 28.157035074800138, 9.06687703963803]}, "fps": 30.0}