{"width": 38, "height": 207, "box": {"min": [-29.644380759601663, -7.05623, -5.6882247023311026], "max": [34.35738969230234, 24.941382404937556, 10.777423319593407]}, "fps": 30.0}