{"width": 38, "height": 80, "box": {"min": [-8.388005522193914, -7.05623, -3.5433929654195593], "max": [7.810691601893018, 27.648261523460864, 5.887302845456403]}, "fps": 30.0}