{"width": 38, "height": 201, "box": {"min": [-29.846090473584162, -7.05623, -8.241115531918602], "max": [26.276524839786102, 25.073344162162414, 8.257234904285424]}, "fps": 30.0}