{"width": 38, "height": 92, "box": {"min": [-9.361677983537893, -7.05623, -3.3976666772084423], "max": [6.171488802315723, 26.876955870771305, 6.132353583795321]}, "fps": 30.0}