{"width": 38, "height": 137, "box": {"min": [-5.2419, -7.05623, -8.005715327069273], "max": [19.248180832159914, 27.901809114321704, 10.166060464053807]}, "fps": 30.0}