{"width": 38, "height": 95, "box": {"min": [-9.167115543792963, -7.05623, -3.8423495278842212], "max": [6.696321277338635, 27.649290252136097, 6.085689823205265]}, "fps": 30.0}