{"width": 38, "height": 121, "box": {"min": [-29.784770289973423, -7.05623, -7.594829497180193], "max": [10.40543168035667, 24.780661980061705, 6.099683907539345]}, "fps": 30.0}