{"width": 38, "height": 167, "box": {"min": [-15.205826550851523, -7.05623, -5.174994485125914], "max": [7.133132755260762, 24.724096205431685, 10.589175162116346]}, "fps": 30.0}