{"width": 38, "height": 114, "box": {"min": [-18.182140005687096, -7.05623, -14.9044113011578], "max": [12.81331949728355, 24.76280269101993, 5.247449096965106]}, "fps": 30.0}