{"width": 38, "height": 120, "box": {"min": [-16.455746007218366, -7.05623, -20.99389705734372], "max": [12.284505942729217, 24.620098280073687, 6.780325445139627]}, "fps": 30.0}