{"width": 38, "height": 132, "box": {"min": [-15.083694116616812, -7.05623, -8.02744528132208], "max": [7.436583444781171, 24.82342579396776, 6.409733936462022]}, "fps": 30.0}