{"width": 38, "height": 129, "box": {"min": [-17.751876504788612, -7.05623, -10.141126716089797], "max": [20.216513270582965, 24.928110798145724, 5.477407090289601]}, "fps": 30.0}