{"width": 38, "height": 140, "box": {"min": [-18.27197299834607, -7.05623, -17.787619060483127], "max": [13.53523919637003, 24.61569764473481, 6.321924444011166]}, "fps": 30.0}