{"width": 38, "height": 181, "box": {"min": [-18.184644971060518, -7.05623, -10.20810766387151], "max": [7.804176691247898, 24.762043073940433, 14.004494292348674]}, "fps": 30.0}