{"width": 38, "height": 86, "box": {"min": [-8.545149292301257, -7.05623, -3.3034156221950646], "max": [6.783394698822095, 27.720847326042406, 5.457199488386456]}, "fps": 30.0}