{"width": 38, "height": 135, "box": {"min": [-16.198522374335738, -7.05623, -5.8645770557214], "max": [6.4620966204156725, 24.71435021284256, 10.310522481336621]}, "fps": 30.0}