{"width": 38, "height": 156, "box": {"min": [-19.053134013357973, -7.05623, -8.717575046317796], "max": [17.334220622644406, 24.880495004414698, 11.454149958993906]}, "fps": 30.0}