{"width": 38, "height": 104, "box": {"min": [-29.623544940303457, -7.05623, -9.371611434548027], "max": [8.707040124742026, 24.433906675991732, 8.061587698423283]}, "fps": 30.0}