{"width": 38, "height": 116, "box": {"min": [-14.903427754621934, -7.05623, -8.513258916390058], "max": [8.35475619025867, 24.57769872974032, 17.312189685631665]}, "fps": 30.0}