{"width": 38, "height": 151, "box": {"min": [-8.160055547653744, -7.05623, -7.579703720184596], "max": [24.09935250752396, 28.64594446032616, 11.447712829826889]}, "fps": 30.0}