{"width": 38, "height": 123, "box": {"min": [-29.58389861135, -7.05623, -5.540395074817602], "max": [21.503294286978434, 24.413558636029926, 4.951911807529775]}, "fps": 30.0}