{"width": 38, "height": 113, "box": {"min": [-29.257195934938043, -7.05623, -10.132165419327741], "max": [12.127526509467085, 24.549359538542216, 4.31533179942269]}, "fps": 30.0}