{"width": 38, "height": 103, "box": {"min": [-17.857645843827516, -7.05623, -10.587488520210385], "max": [13.922009818385392, 25.076407987239175, 6.234766218553513]}, "fps": 30.0}