{"width": 38, "height": 84, "box": {"min": [-7.970336279341985, -7.05623, -8.459236217847367], "max": [8.053176124108802, 25.08521292108207, 9.117532609515079]}, "fps": 30.0}