{"width": 38, "height": 265, "box": {"min": [-28.505401991367485, -7.05623, -10.574585653286846], "max": [34.4771377493248, 25.54643215029586, 10.039146335782203]}, "fps": 30.0}