{"width": 38, "height": 83, "box": {"min": [-9.708446246614931, -7.05623, -10.149214277766001], "max": [7.420529151694249, 24.993433671639306, 9.504684545948676]}, "fps": 30.0}