{"width": 38, "height": 95, "box": {"min": [-5.2419, -7.05623, -4.88953336990355], "max": [7.775025232651686, 29.24901595156331, 6.149300346643542]}, "fps": 30.0}