{"width": 38, "height": 122, "box": {"min": [-10.699829101757373, -7.05623, -7.89327342410925], "max": [9.905646595927486, 25.18614065836402, 16.47827060796834]}, "fps": 30.0}