{"width": 38, "height": 165, "box": {"min": [-5.2419, -7.05623, -10.031914185575612], "max": [16.937666511145878, 28.961741180631776, 11.55195814686701]}, "fps": 30.0}