{"width": 38, "height": 140, "box": {"min": [-19.895136529187216, -7.05623, -10.510566252782787], "max": [32.32768292159705, 25.446355230388413, 13.553965337590002]}, "fps": 30.0}