{"width": 38, "height": 125, "box": {"min": [-10.219374903975915, -7.05623, -15.504292215227252], "max": [13.693372440862541, 25.060585103973125, 5.058053882633842]}, "fps": 30.0}