{"width": 38, "height": 99, "box": {"min": [-6.399203034184248, -7.05623, -4.937420030260843], "max": [8.113372242806728, 29.597159229510797, 6.2833943946072015]}, "fps": 30.0}