{"width": 38, "height": 123, "box": {"min": [-20.758752311291133, -7.05623, -7.043820527716507], "max": [9.861591312619755, 25.04663809008313, 6.749868764296524]}, "fps": 30.0}