{"width": 38, "height": 181, "box": {"min": [-10.217629369753075, -7.05623, -8.108880894674515], "max": [16.137455515205442, 27.700132460617645, 10.823152966188976]}, "fps": 30.0}