{"width": 38, "height": 83, "box": {"min": [-8.249057584668629, -7.05623, -8.396741518641955], "max": [7.619319212770129, 25.08273967107976, 5.903090646640678]}, "fps": 30.0}