{"width": 38, "height": 132, "box": {"min": [-27.114135817121735, -7.05623, -11.016419367222364], "max": [24.511404821839434, 25.666977734115388, 13.690163353732286]}, "fps": 30.0}