{"width": 38, "height": 83, "box": {"min": [-9.078939611246614, -7.05623, -6.224836519304108], "max": [7.154584209012054, 25.070394691538965, 12.437452594913301]}, "fps": 30.0}