{"width": 38, "height": 84, "box": {"min": [-5.2419, -7.05623, -3.957330944091134], "max": [7.525072879973998, 28.36975553909242, 4.932246565125747]}, "fps": 30.0}