{"width": 38, "height": 104, "box": {"min": [-8.307071999772337, -7.05623, -7.154424523182936], "max": [10.335693994107931, 24.960316341673355, 19.93673978216682]}, "fps": 30.0}