{"width": 38, "height": 143, "box": {"min": [-17.332194297436384, -7.05623, -9.42737410541536], "max": [31.45364257541251, 25.493724623796233, 7.923438350224498]}, "fps": 30.0}