{"width": 38, "height": 162, "box": {"min": [-25.31038450576173, -7.05623, -3.733589750710952], "max": [34.40022241961108, 25.773657524203774, 8.56693892623131]}, "fps": 30.0}