{"width": 38, "height": 104, "box": {"min": [-8.976357825797734, -7.05623, -5.950195946517472], "max": [18.44884167062565, 25.19262833785023, 11.186107587683948]}, "fps": 30.0}