{"width": 38, "height": 231, "box": {"min": [-24.95563724772035, -7.05623, -7.299313003886466], "max": [26.46805872240191, 25.53081680388427, 10.406030618168094]}, "fps": 30.0}