{"width": 38, "height": 117, "box": {"min": [-18.68500371084512, -7.05623, -5.563331254991368], "max": [27.849735303960784, 25.774424303554344, 7.115148305605562]}, "fps": 30.0}