{"width": 38, "height": 106, "box": {"min": [-8.997964138005624, -7.05623, -15.587997361259621], "max": [14.386975733462409, 25.023243642093924, 6.593918600385759]}, "fps": 30.0}