{"width": 38, "height": 99, "box": {"min": [-8.048170205904473, -7.05623, -13.677989334185686], "max": [21.335362213742016, 25.002331469496802, 4.649909937564852]}, "fps": 30.0}