{"width": 38, "height": 101, "box": {"min": [-6.107560178189126, -7.05623, -4.258105594778961], "max": [8.01928163322176, 28.3579436660607, 6.318613236747223]}, "fps": 30.0}