{"width": 38, "height": 119, "box": {"min": [-10.76262353764601, -7.05623, -6.763190751100441], "max": [18.83422568984586, 25.248872493631257, 12.711414850864392]}, "fps": 30.0}