{"width": 38, "height": 120, "box": {"min": [-19.63483565742663, -7.05623, -8.111467202814215], "max": [11.096981049823745, 25.202210576882376, 6.617021162798079]}, "fps": 30.0}