{"width": 38, "height": 104, "box": {"min": [-8.502605906975816, -7.05623, -18.192381432434274], "max": [12.258254773664586, 25.02614247482701, 6.941313083875235]}, "fps": 30.0}