{"width": 38, "height": 176, "box": {"min": [-20.885781493389008, -7.05623, -7.743433131585048], "max": [10.847853638793454, 24.111722512033207, 5.371280741964586]}, "fps": 30.0}