{"width": 38, "height": 86, "box": {"min": [-8.529816094466476, -7.05623, -3.44574430586881], "max": [8.720690447012986, 26.86364225584419, 5.731002181091531]}, "fps": 30.0}