{"width": 38, "height": 119, "box": {"min": [-17.67788702337819, -7.05623, -3.8131478411474307], "max": [4.983, 24.26085419272359, 7.012135801862839]}, "fps": 30.0}