{"width": 38, "height": 124, "box": {"min": [-17.582164771191884, -7.05623, -6.3218095489499415], "max": [19.51047058118842, 24.65818705824355, 12.370254701265832]}, "fps": 30.0}