{"width": 38, "height": 107, "box": {"min": [-15.524502183339992, -7.05623, -4.2580455804339685], "max": [4.983, 24.917963811829956, 6.288117365732118]}, "fps": 30.0}