{"width": 38, "height": 150, "box": {"min": [-9.111633425936835, -7.05623, -4.475377219696786], "max": [18.879415257320066, 27.439812894266293, 7.1171489935229175]}, "fps": 30.0}