{"width": 38, "height": 91, "box": {"min": [-8.545186875437537, -7.05623, -4.779421652545722], "max": [7.48101031019006, 26.311351991481217, 5.89518933536474]}, "fps": 30.0}