{"width": 38, "height": 121, "box": {"min": [-16.216538493301282, -7.05623, -6.172602379986158], "max": [20.576484404896654, 24.038196649476802, 12.524514449532003]}, "fps": 30.0}