{"width": 38, "height": 261, "box": {"min": [-20.320419750501408, -7.05623, -5.795688797835998], "max": [24.680885976369773, 24.15492817346585, 7.4004277734435515]}, "fps": 30.0}