{"width": 38, "height": 86, "box": {"min": [-8.576286003788057, -7.05623, -4.107691840923752], "max": [8.919039593039617, 26.21163714261452, 6.07398950903891]}, "fps": 30.0}