{"width": 38, "height": 116, "box": {"min": [-16.62703077881822, -7.05623, -6.333511090117579], "max": [4.983, 24.759538544702856, 3.9814095042346125]}, "fps": 30.0}