{"width": 38, "height": 115, "box": {"min": [-14.07985802805414, -7.05623, -6.423803655070345], "max": [4.983, 24.729661688049816, 2.817579094543001]}, "fps": 30.0}