{"width": 38, "height": 131, "box": {"min": [-16.529708770622246, -7.05623, -5.692820093785105], "max": [31.739942783467907, 23.830423797604524, 10.125296677992365]}, "fps": 30.0}