{"width": 38, "height": 311, "box": {"min": [-23.824125445664023, -7.05623, -3.3278205346989504], "max": [32.36653484073983, 24.699427916828068, 8.324979074790932]}, "fps": 30.0}