{"width": 38, "height": 367, "box": {"min": [-29.044889631582652, -7.05623, -8.869806588842115], "max": [27.150315346495866, 24.54676069761397, 4.795272322316669]}, "fps": 30.0}