{"width": 38, "height": 114, "box": {"min": [-7.618193016637804, -7.05623, -4.0182033659481045], "max": [8.47861261416712, 26.82785532250226, 6.937048584293593]}, "fps": 30.0}