{"width": 38, "height": 161, "box": {"min": [-17.21928158887844, -7.05623, -4.500044603858938], "max": [17.51603415073641, 29.228642090398164, 9.195712424217174]}, "fps": 30.0}