{"width": 38, "height": 216, "box": {"min": [-9.394569045908003, -7.05623, -6.087066089466168], "max": [8.254457011354456, 24.232934467271665, 17.445554114484654]}, "fps": 30.0}