{"width": 38, "height": 185, "box": {"min": [-11.769860282360437, -7.05623, -15.552680948184907], "max": [12.093676050964158, 24.13027384989315, 5.932217845900804]}, "fps": 30.0}