{"width": 38, "height": 111, "box": {"min": [-19.540140990283515, -7.05623, -4.4244902281876595], "max": [4.983, 24.42728425290592, 6.324347532012556]}, "fps": 30.0}