{"width": 38, "height": 182, "box": {"min": [-11.932819034791176, -7.05623, -14.76788783937319], "max": [11.38114583058176, 24.05643551335723, 6.364614827298808]}, "fps": 30.0}