{"width": 38, "height": 193, "box": {"min": [-28.622274595527163, -7.05623, -10.148975490806613], "max": [29.841222904898345, 24.626844912497408, 10.971829974536261]}, "fps": 30.0}