{"width": 38, "height": 167, "box": {"min": [-9.934806929645692, -7.05623, -6.227191617645639], "max": [8.57066296537942, 23.9113815383469, 20.119554388351148]}, "fps": 30.0}