{"width": 38, "height": 117, "box": {"min": [-16.707856580480453, -7.05623, -8.186704367497187], "max": [15.153306615698089, 24.16203710474201, 11.911403054633794]}, "fps": 30.0}