{"width": 38, "height": 111, "box": {"min": [-15.507904154348612, -7.05623, -6.457609804714216], "max": [4.983, 24.761425854758304, 3.600630013877068]}, "fps": 30.0}