{"width": 38, "height": 107, "box": {"min": [-8.102543218532475, -7.05623, -3.625510332407082], "max": [8.594262687486667, 28.93014801255579, 6.111233142057977]}, "fps": 30.0}