{"width": 38, "height": 115, "box": {"min": [-17.31454761418287, -7.05623, -6.607484476024809], "max": [4.983, 24.657486759523312, 4.037956974091852]}, "fps": 30.0}