{"width": 38, "height": 90, "box": {"min": [-8.359374146704027, -7.05623, -4.6939010607740705], "max": [7.5238947520906905, 26.530135267257112, 6.002646906513147]}, "fps": 30.0}