{"width": 38, "height": 142, "box": {"min": [-7.9456884084685555, -7.05623, -16.666952274360572], "max": [15.16201435073029, 24.149952602816718, 8.975735564573114]}, "fps": 30.0}