{"width": 38, "height": 126, "box": {"min": [-17.57967720327773, -7.05623, -7.862833431131416], "max": [15.514856088009951, 24.53424816408557, 7.6871665880915465]}, "fps": 30.0}