{"width": 38, "height": 116, "box": {"min": [-17.42504330343281, -7.05623, -4.4941211113159385], "max": [4.983, 24.63150997094626, 6.698313376507657]}, "fps": 30.0}