{"width": 38, "height": 105, "box": {"min": [-7.778753871227339, -7.05623, -4.103765289467142], "max": [8.601931226849679, 27.05088318857684, 6.298421602865531]}, "fps": 30.0}