{"width": 38, "height": 98, "box": {"min": [-16.82849964504219, -7.05623, -4.5230851907034255], "max": [4.983, 24.897889511288707, 5.820309856685914]}, "fps": 30.0}