{"width": 38, "height": 327, "box": {"min": [-27.48846835526867, -7.05623, -4.8384325794068], "max": [34.01324167870075, 25.005949524859624, 9.340467990741402]}, "fps": 30.0}