{"width": 38, "height": 141, "box": {"min": [-5.2419, -7.05623, -4.225946766654852], "max": [24.079440575558145, 29.620521785736116, 7.8357763854117595]}, "fps": 30.0}