{"width": 38, "height": 315, "box": {"min": [-25.332228982340112, -7.05623, -3.5775988712965403], "max": [33.92088281260052, 25.028375260275457, 8.707797091170942]}, "fps": 30.0}