{"width": 38, "height": 174, "box": {"min": [-29.081952096496867, -7.05623, -4.520027992452555], "max": [22.730809280786794, 25.736609228921644, 6.400262118561541]}, "fps": 30.0}