{"width": 38, "height": 119, "box": {"min": [-18.243499398333114, -7.05623, -5.125028575801419], "max": [21.013443851346352, 25.662905013293102, 5.288488954366504]}, "fps": 30.0}