{"width": 38, "height": 169, "box": {"min": [-29.123922126621906, -7.05623, -6.456212236287644], "max": [33.00057688702576, 25.06633863220103, 8.390070758051683]}, "fps": 30.0}