{"width": 38, "height": 116, "box": {"min": [-6.317569494358972, -7.05623, -5.692142610798855], "max": [11.07308164526702, 24.832453680506248, 23.2083078963964]}, "fps": 30.0}