{"width": 38, "height": 82, "box": {"min": [-7.649323459533092, -7.05623, -2.984638993122097], "max": [5.874024712964034, 24.845607982289692, 4.936830813248749]}, "fps": 30.0}