{"width": 38, "height": 98, "box": {"min": [-18.785314770387256, -7.05623, -4.882767548643291], "max": [4.983, 24.939710789604568, 5.716062764141064]}, "fps": 30.0}