{"width": 38, "height": 174, "box": {"min": [-7.42020331897303, -7.05623, -5.640960396223131], "max": [13.757987375993162, 25.021624282225595, 22.210434091339398]}, "fps": 30.0}