{"width": 38, "height": 159, "box": {"min": [-18.933339411450703, -7.05623, -11.021535008998931], "max": [14.432811852984678, 25.002051347279103, 5.508259477552935]}, "fps": 30.0}