{"width": 38, "height": 99, "box": {"min": [-15.383706991386621, -7.05623, -4.287859803068581], "max": [4.983, 24.984558835460238, 6.460031532213264]}, "fps": 30.0}