{"width": 38, "height": 96, "box": {"min": [-17.192129603836886, -7.05623, -7.170693277135674], "max": [15.599111320300903, 24.763683342057526, 11.010434186595466]}, "fps": 30.0}