{"width": 38, "height": 148, "box": {"min": [-18.3458968811421, -7.05623, -7.4067773206646095], "max": [14.48748541882815, 24.96551546794319, 7.6495884903313796]}, "fps": 30.0}