{"width": 38, "height": 98, "box": {"min": [-15.979593590980675, -7.05623, -6.014241713514884], "max": [4.983, 25.041976415490815, 4.437114930326937]}, "fps": 30.0}