{"width": 38, "height": 146, "box": {"min": [-17.527132514200503, -7.05623, -10.916082387659658], "max": [15.563953899879044, 25.033580808404952, 4.37681228191084]}, "fps": 30.0}