{"width": 38, "height": 107, "box": {"min": [-14.396809783067413, -7.05623, -5.5441830459672365], "max": [4.983, 25.024986695703443, 4.5994944722731494]}, "fps": 30.0}