{"width": 38, "height": 169, "box": {"min": [-29.443884911442016, -7.05623, -7.008111467744808], "max": [28.215486648361797, 25.122804267546183, 5.320305684519646]}, "fps": 30.0}