{"width": 38, "height": 81, "box": {"min": [-20.35505421610592, -7.05623, -3.738678180289503], "max": [4.983, 24.748564016668432, 7.44504089841595]}, "fps": 30.0}