{"width": 38, "height": 218, "box": {"min": [-27.837287383291724, -7.05623, -6.67078236782444], "max": [33.36469710187717, 24.98909175683574, 5.873441250921498]}, "fps": 30.0}