{"width": 38, "height": 101, "box": {"min": [-13.534669332479366, -7.05623, -3.9414972209230212], "max": [4.983, 24.887385616029665, 6.40321816838177]}, "fps": 30.0}