{"width": 38, "height": 167, "box": {"min": [-9.4470132353337, -7.05623, -20.47279361538245], "max": [13.910260646475713, 25.02152332907076, 4.8213362486153315]}, "fps": 30.0}