{"width": 38, "height": 87, "box": {"min": [-7.205553468932796, -7.05623, -2.9817102101478468], "max": [5.444436742749652, 24.874562358702555, 5.09160666302494]}, "fps": 30.0}