{"width": 38, "height": 89, "box": {"min": [-16.950831331147835, -7.05623, -13.626771071267013], "max": [11.257840447634496, 24.51398433035765, 6.43307194115901]}, "fps": 30.0}