{"width": 38, "height": 130, "box": {"min": [-17.475207531136775, -7.05623, -6.563313843575695], "max": [15.316148746614564, 25.064652660319357, 8.38379318638222]}, "fps": 30.0}