{"width": 38, "height": 319, "box": {"min": [-29.320790883853302, -7.05623, -6.850039468938733], "max": [32.898889745043974, 25.008212141722684, 5.590967070584579]}, "fps": 30.0}