{"width": 38, "height": 221, "box": {"min": [-25.905974958184864, -7.05623, -5.837336378180321], "max": [33.87917977684535, 25.00166679303628, 7.383193184258969]}, "fps": 30.0}