{"width": 38, "height": 87, "box": {"min": [-6.542782810096261, -7.05623, -3.508302391079624], "max": [4.983, 24.942268887044303, 4.90009049308168]}, "fps": 30.0}