{"width": 38, "height": 93, "box": {"min": [-19.336288870880015, -7.05623, -7.002939595593608], "max": [13.880746312555473, 24.916156069669544, 9.65606777430016]}, "fps": 30.0}