{"width": 38, "height": 109, "box": {"min": [-17.52381885213904, -7.05623, -6.415420023924028], "max": [4.983, 25.005078084268813, 4.019698793329232]}, "fps": 30.0}