{"width": 38, "height": 109, "box": {"min": [-16.47741682163306, -7.05623, -8.605508872628858], "max": [7.866233345675796, 24.76391576618721, 15.245778144555853]}, "fps": 30.0}