{"width": 38, "height": 88, "box": {"min": [-6.493295401154967, -7.05623, -3.1975945781134403], "max": [4.983, 24.84368723340594, 4.730068276283732]}, "fps": 30.0}