{"width": 38, "height": 93, "box": {"min": [-12.967503498709622, -7.05623, -3.3848824223133303], "max": [4.983, 23.027263844832472, 7.582548558871639]}, "fps": 30.0}