{"width": 38, "height": 90, "box": {"min": [-11.977489248706108, -7.05623, -5.914827124851372], "max": [4.983, 22.414951440275892, 5.041784369141367]}, "fps": 30.0}