{"width": 38, "height": 86, "box": {"min": [-11.078677992411459, -7.05623, -6.8651036734161215], "max": [4.983, 23.051255691043398, 6.5579411689531115]}, "fps": 30.0}