{"width": 38, "height": 116, "box": {"min": [-5.2419, -7.05623, -4.918843822922654], "max": [20.16215968247043, 24.0400841707235, 9.403050472975826]}, "fps": 30.0}