{"width": 38, "height": 98, "box": {"min": [-5.2419, -7.05623, -3.1933799667079295], "max": [15.870191801468703, 20.74640845385029, 7.234708057557507]}, "fps": 30.0}