{"width": 38, "height": 133, "box": {"min": [-8.48095166005721, -7.05623, -5.799850738725457], "max": [16.111887656556473, 24.573578257561678, 9.065844911947433]}, "fps": 30.0}