{"width": 38, "height": 96, "box": {"min": [-13.767434770659445, -7.05623, -3.1191707682181615], "max": [4.983, 22.89150176821626, 9.097315100368089]}, "fps": 30.0}