{"width": 38, "height": 153, "box": {"min": [-19.43337512997013, -7.05623, -7.276071476079334], "max": [9.761260805826984, 23.04629910257337, 4.519878847707959]}, "fps": 30.0}