{"width": 38, "height": 377, "box": {"min": [-19.50324152616743, -7.05623, -6.02221931244088], "max": [34.055986238047154, 23.332473741914548, 8.84466506333479]}, "fps": 30.0}