{"width": 38, "height": 100, "box": {"min": [-11.86568594817139, -7.05623, -3.7079803464168806], "max": [5.906098866234053, 23.2768074281435, 5.264127591400216]}, "fps": 30.0}