{"width": 38, "height": 120, "box": {"min": [-18.100459847059035, -7.05623, -9.85008385375238], "max": [15.426715203235513, 22.26639417354191, 5.372044793894605]}, "fps": 30.0}