{"width": 38, "height": 110, "box": {"min": [-16.85825545703947, -7.05623, -9.84021880576318], "max": [16.933125861911968, 21.952717954149403, 4.139009720064536]}, "fps": 30.0}