{"width": 38, "height": 93, "box": {"min": [-11.61281866967596, -7.05623, -3.986230554250945], "max": [4.983, 23.2053461705302, 9.490331025820861]}, "fps": 30.0}