{"width": 38, "height": 129, "box": {"min": [-7.467466765053747, -7.05623, -20.598436406193535], "max": [12.051235219963907, 22.555844052266757, 4.663522711124424]}, "fps": 30.0}