{"width": 38, "height": 207, "box": {"min": [-26.80870945007516, -7.05623, -5.182876400177619], "max": [23.419072211285688, 22.923938568502585, 9.06948976277964]}, "fps": 30.0}