{"width": 38, "height": 277, "box": {"min": [-28.80914927207833, -7.05623, -8.116082539057313], "max": [30.930410051366223, 22.23709439021864, 6.601229227356794]}, "fps": 30.0}