{"width": 38, "height": 154, "box": {"min": [-18.16258126034262, -7.05623, -8.55380955942747], "max": [11.198601602367294, 22.610051637516282, 8.372897426250857]}, "fps": 30.0}