{"width": 38, "height": 89, "box": {"min": [-11.988332130838232, -7.05623, -6.194904454375268], "max": [4.983, 23.100712935743047, 5.036935710510127]}, "fps": 30.0}