{"width": 38, "height": 80, "box": {"min": [-7.3423494485620395, -7.05623, -8.880773619525769], "max": [16.868096341599372, 23.624476831224246, 4.159971695840704]}, "fps": 30.0}