{"width": 38, "height": 99, "box": {"min": [-11.005362990644791, -7.05623, -3.633481511018822], "max": [6.164780940171355, 23.35948797327221, 5.2559289970673895]}, "fps": 30.0}