{"width": 38, "height": 249, "box": {"min": [-28.14542328537302, -7.05623, -7.19067198854489], "max": [28.750457612960634, 21.8642527041619, 7.08371920980692]}, "fps": 30.0}