{"width": 38, "height": 86, "box": {"min": [-11.190164574232304, -7.05623, -3.7342885106688506], "max": [4.983, 23.111016777498527, 9.42180078691906]}, "fps": 30.0}