{"width": 38, "height": 108, "box": {"min": [-10.394453022624123, -7.05623, -4.230293557898158], "max": [5.630039478723868, 24.584477936330202, 6.911370467867417]}, "fps": 30.0}