{"width": 38, "height": 257, "box": {"min": [-24.027059973408683, -7.05623, -4.778469072489564], "max": [34.161015354937724, 21.43038467032875, 9.350771258706928]}, "fps": 30.0}