{"width": 38, "height": 101, "box": {"min": [-10.082715282483646, -7.05623, -4.181739366683107], "max": [14.22345563843249, 22.103169470694045, 8.985456541807437]}, "fps": 30.0}