{"width": 38, "height": 116, "box": {"min": [-5.2419, -7.05623, -5.935904372887987], "max": [18.771425196427032, 24.229890033774335, 9.217993464037743]}, "fps": 30.0}