{"width": 38, "height": 163, "box": {"min": [-20.751054068953255, -7.05623, -7.4593620970435515], "max": [9.45185352943402, 23.10217032496562, 6.482926808874944]}, "fps": 30.0}