{"width": 38, "height": 118, "box": {"min": [-19.142433261153705, -7.05623, -7.84150200340166], "max": [13.530144234525936, 22.269448234479643, 8.003888584857666]}, "fps": 30.0}