{"width": 38, "height": 126, "box": {"min": [-17.89879149692111, -7.05623, -11.189221180815876], "max": [16.111380013236257, 22.237221142971762, 5.095739212466107]}, "fps": 30.0}