{"width": 38, "height": 109, "box": {"min": [-6.634071181656599, -7.05623, -4.0815415905132575], "max": [17.348144082098443, 23.186236335387278, 8.85820374846186]}, "fps": 30.0}