{"width": 38, "height": 126, "box": {"min": [-17.090711651545785, -7.05623, -12.238067320391117], "max": [16.459796486819037, 25.044699361031547, 6.185552979542818]}, "fps": 30.0}