{"width": 38, "height": 156, "box": {"min": [-8.257456656243368, -7.05623, -21.735114946388297], "max": [16.913021345101, 24.759156778362648, 3.7756033559476085]}, "fps": 30.0}