{"width": 38, "height": 342, "box": {"min": [-28.6435297217505, -7.05623, -4.729003895560223], "max": [34.04252182386981, 24.938600104657684, 8.127517489528357]}, "fps": 30.0}