{"width": 38, "height": 106, "box": {"min": [-13.015673261017799, -7.05623, -7.445143335194267], "max": [6.690465661889341, 25.005520461570196, 4.542549682222831]}, "fps": 30.0}