{"width": 38, "height": 91, "box": {"min": [-5.2419, -7.05623, -11.01244123240571], "max": [21.847844346005903, 30.30050350373907, 4.622630720686705]}, "fps": 30.0}