{"width": 38, "height": 145, "box": {"min": [-5.2419, -7.05623, -7.0151264181509205], "max": [19.95704938420233, 29.999112429470166, 7.9480053622858]}, "fps": 30.0}