{"width": 38, "height": 107, "box": {"min": [-10.58055232700631, -7.05623, -4.099515039735303], "max": [4.983, 25.126716617846203, 9.124981050505898]}, "fps": 30.0}