{"width": 38, "height": 164, "box": {"min": [-15.305137773908248, -7.05623, -8.307551791463345], "max": [21.46560379844059, 24.893756377451346, 7.9568576695944895]}, "fps": 30.0}