{"width": 38, "height": 189, "box": {"min": [-24.382892512020536, -7.05623, -5.266922089371868], "max": [33.37827494104901, 25.054366638714562, 6.580078353256454]}, "fps": 30.0}