{"width": 38, "height": 123, "box": {"min": [-14.864722258260933, -7.05623, -8.6819213275722], "max": [4.983, 25.066955325282336, 3.169247257697911]}, "fps": 30.0}