{"width": 38, "height": 105, "box": {"min": [-16.560938889543493, -7.05623, -7.7008091770885], "max": [4.983, 25.11401342225089, 3.194421655200315]}, "fps": 30.0}