{"width": 38, "height": 100, "box": {"min": [-10.21742750497415, -7.05623, -5.852615221213075], "max": [6.933597014552883, 25.346744478075486, 7.249043255650166]}, "fps": 30.0}