{"width": 38, "height": 221, "box": {"min": [-29.117256711759858, -7.05623, -8.577480077968017], "max": [30.714232120188676, 30.640826325103664, 9.738292999922647]}, "fps": 30.0}