{"width": 38, "height": 198, "box": {"min": [-28.746370188360444, -7.05623, -6.2867054477554465], "max": [30.35283809096638, 25.09263748912169, 6.42732975449181]}, "fps": 30.0}