{"width": 38, "height": 162, "box": {"min": [-16.112495568694264, -7.05623, -8.318156215556135], "max": [35.50406266486064, 31.36772654085754, 10.232033551554359]}, "fps": 30.0}