{"width": 38, "height": 107, "box": {"min": [-16.489724983799633, -7.05623, -6.10941157888449], "max": [4.983, 25.714269428748835, 6.382865067445242]}, "fps": 30.0}