{"width": 38, "height": 196, "box": {"min": [-24.086363472581294, -7.05623, -4.977745981891566], "max": [33.19442733580018, 24.901273896523456, 7.430561529040324]}, "fps": 30.0}