{"width": 38, "height": 161, "box": {"min": [-8.533054294889018, -7.05623, -23.234614509710596], "max": [14.229522405240827, 24.925781096552022, 2.36315]}, "fps": 30.0}