{"width": 38, "height": 132, "box": {"min": [-17.93489002268083, -7.05623, -12.30674331338321], "max": [20.541371050876855, 24.856557648469888, 5.206533061748196]}, "fps": 30.0}