{"width": 38, "height": 197, "box": {"min": [-27.729957682645725, -7.05623, -6.6835810181856905], "max": [30.13128902438266, 25.08724252843138, 6.121496903506412]}, "fps": 30.0}