{"width": 38, "height": 165, "box": {"min": [-18.67802074617749, -7.05623, -9.73346103778007], "max": [15.402802101658642, 32.73647684893438, 8.932904158669032]}, "fps": 30.0}