{"width": 38, "height": 133, "box": {"min": [-8.553322051523955, -7.05623, -22.27423212566119], "max": [14.291186583045835, 25.110490245771526, 4.442862217482714]}, "fps": 30.0}