{"width": 38, "height": 106, "box": {"min": [-17.215318705477547, -7.05623, -5.786938415094603], "max": [15.992018217071935, 24.845796661462405, 9.203766844883685]}, "fps": 30.0}