{"width": 38, "height": 114, "box": {"min": [-8.457404972973118, -7.05623, -21.962447131904035], "max": [12.309747191902273, 24.788335804102736, 2.9958737310964563]}, "fps": 30.0}