{"width": 38, "height": 85, "box": {"min": [-6.0447343697241855, -7.05623, -5.879345542391735], "max": [11.56751728225718, 24.638798207972442, 10.028202917348802]}, "fps": 30.0}