{"width": 38, "height": 117, "box": {"min": [-5.2419, -7.05623, -5.911553858862506], "max": [24.994924403859816, 29.51472097831218, 8.843305996445551]}, "fps": 30.0}