{"width": 38, "height": 128, "box": {"min": [-5.2419, -7.05623, -6.115073386241776], "max": [26.14066747598367, 29.124641974332192, 9.06751655017608]}, "fps": 30.0}