{"width": 38, "height": 156, "box": {"min": [-16.369635541191254, -7.05623, -10.764212137743074], "max": [18.577992426670278, 24.923535388857214, 4.968905281700205]}, "fps": 30.0}