{"width": 38, "height": 162, "box": {"min": [-8.087719297591354, -7.05623, -21.25662498650459], "max": [14.244272792697013, 24.858866755749744, 2.9458073126246207]}, "fps": 30.0}