{"width": 38, "height": 92, "box": {"min": [-10.152259935833147, -7.05623, -3.2945900705945155], "max": [4.983, 26.217902809466413, 6.113295645927334]}, "fps": 30.0}