{"width": 38, "height": 188, "box": {"min": [-29.70007257452305, -7.05623, -7.45539980927086], "max": [31.172020255739856, 24.78932821829929, 9.348080063384574]}, "fps": 30.0}