{"width": 38, "height": 140, "box": {"min": [-10.907388232167591, -7.05623, -7.6144976557347], "max": [20.092098517709076, 30.869031727095003, 7.84490533543118]}, "fps": 30.0}