{"width": 38, "height": 137, "box": {"min": [-16.52924411303407, -7.05623, -3.4470952594494135], "max": [5.009621714450531, 25.274251988838117, 7.735384727356958]}, "fps": 30.0}