{"width": 38, "height": 116, "box": {"min": [-18.476806199216792, -7.05623, -5.26373712161611], "max": [22.955943401493098, 25.514830708217954, 6.61750494677926]}, "fps": 30.0}