{"width": 38, "height": 146, "box": {"min": [-11.929266857623528, -7.05623, -7.674531909750962], "max": [15.881365803748281, 30.819975467411474, 7.985000406284623]}, "fps": 30.0}