{"width": 38, "height": 136, "box": {"min": [-15.88316047383681, -7.05623, -3.411774530922983], "max": [5.31300869201843, 24.913013282930677, 8.623367727262641]}, "fps": 30.0}