{"width": 38, "height": 251, "box": {"min": [-28.363913760316933, -7.05623, -6.551298200405561], "max": [33.493133884196695, 24.760502133826513, 9.298008253132561]}, "fps": 30.0}