{"width": 38, "height": 84, "box": {"min": [-10.481200859228428, -7.05623, -3.5889123501927767], "max": [4.983, 26.942106052965148, 4.7372338295699326]}, "fps": 30.0}