{"width": 38, "height": 135, "box": {"min": [-5.2419, -7.05623, -6.842121003552535], "max": [24.22646269824124, 29.275028250758023, 8.536203092684582]}, "fps": 30.0}