{"width": 38, "height": 86, "box": {"min": [-9.524295526765135, -7.05623, -2.952237725268601], "max": [4.983, 26.10084030391222, 5.835501655508791]}, "fps": 30.0}