{"width": 38, "height": 233, "box": {"min": [-29.16449289657578, -7.05623, -5.22620684221955], "max": [20.229877169528592, 25.157620414995414, 6.833740519617461]}, "fps": 30.0}