{"width": 38, "height": 177, "box": {"min": [-28.991807647305304, -7.05623, -7.999135974756247], "max": [33.908170924863335, 24.816765842024672, 11.605859694122055]}, "fps": 30.0}