{"width": 38, "height": 139, "box": {"min": [-14.609975716645362, -7.05623, -4.910511334797147], "max": [4.983, 25.159788256011527, 6.769297708552337]}, "fps": 30.0}