{"width": 38, "height": 148, "box": {"min": [-14.787847476209647, -7.05623, -4.840385541875252], "max": [5.126272884148506, 25.172121101912428, 7.4026862107731555]}, "fps": 30.0}