{"width": 38, "height": 93, "box": {"min": [-11.351017418517952, -7.05623, -3.216208912432214], "max": [4.983, 26.22071088545252, 6.076858907576321]}, "fps": 30.0}