{"width": 38, "height": 141, "box": {"min": [-17.781052453199123, -7.05623, -11.07781057641152], "max": [15.036237892725875, 24.646200586215592, 11.338932993030596]}, "fps": 30.0}