{"width": 38, "height": 137, "box": {"min": [-17.154886224005285, -7.05623, -13.568903887103492], "max": [15.842156462619027, 24.925509369236483, 9.223218300248593]}, "fps": 30.0}