{"width": 38, "height": 134, "box": {"min": [-18.289905672317666, -7.05623, -10.008071047104279], "max": [14.784982040745547, 24.788221642544205, 7.079932465344263]}, "fps": 30.0}