{"width": 38, "height": 184, "box": {"min": [-28.901705583070523, -7.05623, -6.912159209287755], "max": [22.87503881102341, 25.45171221344632, 11.084807091705725]}, "fps": 30.0}