{"width": 38, "height": 91, "box": {"min": [-5.2419, -7.05623, -8.353564674787402], "max": [21.042089785647775, 25.637075167376462, 13.160478842438524]}, "fps": 30.0}