{"width": 38, "height": 128, "box": {"min": [-16.95433762519322, -7.05623, -9.95423783649296], "max": [17.992207362029873, 24.93535342188322, 6.00009475489979]}, "fps": 30.0}