{"width": 38, "height": 129, "box": {"min": [-13.408076851777382, -7.05623, -8.225846574121928], "max": [7.544563292163453, 24.408708553310376, 5.53376365328785]}, "fps": 30.0}