{"width": 38, "height": 212, "box": {"min": [-29.501840119042726, -7.05623, -9.184511374728363], "max": [33.341133333385315, 24.84269498668555, 10.38601254816487]}, "fps": 30.0}