{"width": 38, "height": 181, "box": {"min": [-29.130298890640173, -7.05623, -9.686425404774873], "max": [33.57449091929065, 24.41555749811918, 13.515981963109594]}, "fps": 30.0}