{"width": 38, "height": 136, "box": {"min": [-12.54607933472507, -7.05623, -8.23498601835807], "max": [10.471712138037583, 24.213026663011885, 7.013735768844123]}, "fps": 30.0}