{"width": 38, "height": 117, "box": {"min": [-14.690697195346893, -7.05623, -6.523916954596797], "max": [6.920808060170385, 24.38760871322119, 9.809540950925353]}, "fps": 30.0}