{"width": 38, "height": 109, "box": {"min": [-17.696416883236417, -7.05623, -8.863144333733409], "max": [6.34793636581476, 24.16559933002506, 14.86582678230516]}, "fps": 30.0}