{"width": 38, "height": 121, "box": {"min": [-13.375970391106097, -7.05623, -8.471105226246658], "max": [8.370376047485683, 24.43372244593072, 6.177150410529309]}, "fps": 30.0}