{"width": 38, "height": 121, "box": {"min": [-5.2419, -7.05623, -8.763845480116434], "max": [21.507232143600945, 27.133858022709024, 12.606959409233475]}, "fps": 30.0}