{"width": 38, "height": 127, "box": {"min": [-6.776778908317512, -7.05623, -10.330545723722576], "max": [15.757970591785666, 27.247752412677222, 13.072576473262643]}, "fps": 30.0}