{"width": 38, "height": 101, "box": {"min": [-15.275574376952935, -7.05623, -15.146491603779625], "max": [20.774162801237278, 24.654672763024276, 7.656489418414419]}, "fps": 30.0}