{"width": 38, "height": 83, "box": {"min": [-7.483011635147983, -7.05623, -6.877308738087463], "max": [7.2563809002827915, 25.9322081097648, 8.649302142143785]}, "fps": 30.0}