{"width": 38, "height": 129, "box": {"min": [-12.646248227049012, -7.05623, -8.426957139918096], "max": [10.2242213944784, 24.5259082684722, 6.128961371936015]}, "fps": 30.0}