{"width": 38, "height": 331, "box": {"min": [-21.951077640095313, -7.05623, -5.21956942031855], "max": [33.691577479878205, 24.905248850458296, 12.717063059165113]}, "fps": 30.0}