{"width": 38, "height": 106, "box": {"min": [-7.576608548719903, -7.05623, -7.069400197810939], "max": [10.492341577439415, 27.6787755510735, 8.54692060096022]}, "fps": 30.0}