{"width": 38, "height": 280, "box": {"min": [-29.33877860316186, -7.05623, -7.417506991138779], "max": [29.47610372261392, 24.62500306466418, 6.862728911432473]}, "fps": 30.0}