{"width": 38, "height": 108, "box": {"min": [-6.2421450200847595, -7.05623, -21.984761488620354], "max": [16.73081332433106, 24.384754223234896, 6.147598552462286]}, "fps": 30.0}