{"width": 38, "height": 132, "box": {"min": [-5.2419, -7.05623, -7.569468958911176], "max": [19.853125909515544, 27.10808041440361, 13.469669331895753]}, "fps": 30.0}