{"width": 38, "height": 248, "box": {"min": [-28.88728386526553, -7.05623, -11.390953177615405], "max": [27.04925553280613, 24.689787061477272, 10.854374159956382]}, "fps": 30.0}