{"width": 38, "height": 125, "box": {"min": [-13.796117438432928, -7.05623, -6.814051476461116], "max": [7.8887105990899204, 24.549318179312557, 9.949548311076205]}, "fps": 30.0}